posto,2019-10-30,2019-10-31,2019-11-01,2019-11-02,2019-11-03,2019-11-04,2019-11-05,2019-11-06,2019-11-07,2019-11-08,2019-11-09,2019-11-10,2019-11-11,2019-11-12,2019-11-13,2019-11-14,2019-11-15,2019-11-16,2019-11-17,2019-11-18,2019-11-19,2019-11-20,2019-11-21,2019-11-22,2019-11-23,2019-11-24,2019-11-25,2019-11-26,2019-11-27,2019-11-28
1,40.59720058448641,46.61945633509964,54.36738064825265,54.344285285991795,51.93691925902896,51.010236998895174,49.09576799775454,47.963318204893866,48.106438229140586,48.56458905222833,51.55068771480711,56.74052601046432,59.42363865357417,57.96231712659178,57.890667018971875,56.80692608683201,59.11276021601259,62.28686240596885,59.61597740225201,53.72458012261487,52.03640933497601,53.420588469926095,51.424468167065385,51.74906617444406,51.29948558888062,54.84310843007598,56.19398221138192,52.63641658657048,49.10878884940155,47.745370921355914
6,250.62110708438632,278.5878906423424,288.6231367513572,284.62846776870913,285.22335099395684,287.63509871567123,276.2269027326803,258.99525404687364,245.74594895825214,300.28673909471604,282.44368651548217,313.78755332209676,362.9125515295591,389.03069691009074,379.8411212568361,370.16674590380444,393.8674349179733,476.3360925881156,564.71037394972,606.2257898494682,589.6069821071828,593.6964206141472,610.3851074347315,591.8326402324301,537.0774142587607,511.0192521073743,516.1564277324208,494.85991004434914,455.7240888424475,415.8942532030085
7,276.03514151992084,301.3190569178872,328.65660623741013,343.0414425930718,337.5843879958714,332.6601096906913,336.572852402276,333.14326453967715,319.72580075354335,316.0575429009484,368.42474915446974,355.9409526372132,383.3769792588739,424.7201747885006,446.22373891526235,438.9626767839269,442.33156191217273,474.28299549397354,555.5702144715727,638.4010315461868,670.4459722888864,651.5993764671503,652.3390450351171,666.7848759325343,649.7298468223123,605.4915689868309,596.6096068954071,600.3469841751529,567.2592333148878,526.6556243217337
8,283.01351901909817,305.37519709776944,332.14098058497825,351.442346180207,351.3909058645419,345.0201119623936,346.8346577440398,347.44379496165686,337.7813664031724,332.82877321521414,369.0467046447567,376.2415841866206,390.96154736866373,426.67390442089214,453.2386216582008,454.81694530303315,457.77449825476776,482.7282965597354,549.2964869220938,630.8483929098294,676.0793695686278,671.3629158843771,665.4957535548707,675.7652288869695,668.5916166986672,634.4328411339592,618.9024035883007,618.8902799587556,593.9936694282487,555.2501386800798
9,284.6702561147096,305.4464240285567,331.3059451672976,352.6335652544346,356.4560544360702,350.8675349400182,351.1751192208536,352.82043646240027,345.6462918198939,340.35766212777804,368.0788432212147,381.6362471826113,394.34457494113894,425.0319658950938,453.2022734070579,460.17217976563336,463.9551115298231,484.8804034183423,542.6426151653789,620.7300054655406,672.8548032229762,678.2489375616068,672.2515046341475,679.0852253282137,675.8326239492926,648.1858490320557,630.2905559963384,627.0169564005089,606.2496393353023,570.2534848557452
10,292.0669088325959,310.3224850637845,334.09615735880135,358.66013192302705,369.32464170558586,366.12880549518036,364.5470885578104,367.8811416128096,365.3785105627393,361.1501790134507,375.34742661656344,395.7106736456277,407.50270828007524,428.8346639306264,457.19494215252263,473.53075613085235,481.825204528633,497.1930298091613,539.2165165832981,607.8539838374661,668.8708886166726,692.8917426273656,690.5821804699831,691.8579933246523,693.6292630036703,678.6933780580687,661.0725501045713,651.62505402701,635.1283862456025,605.0844675219242
11,314.7741417978865,331.4135655227476,352.50012619357636,379.6791859884245,396.2845902307663,396.6056146293376,395.48386716643193,401.3756531459154,404.0170893494013,404.7735862593922,410.27198115531036,429.5714705142116,442.81302181865317,455.21233187810003,478.1407086857828,501.67762509667637,521.1017895575205,536.4726564168402,564.2974199782274,617.4370941842498,677.9643076733905,718.597655808847,727.0894028434379,726.1000371144266,729.4574082647463,728.5617970332752,721.9693044920384,708.2530981126671,688.5409004335886,664.392781663022
12,359.2463992497181,375.5973029099103,395.6975118008626,421.9234482071773,442.0914378777563,445.9681708124842,450.1999360526623,461.1638202543741,471.01250418747543,479.27459124237004,486.3038779103397,502.29078719204637,511.8175322043917,516.3762745667894,531.2058321332022,555.3218887835933,585.206376491856,608.8786553074912,632.366825709357,670.1004222006723,720.8048884187923,767.3065075941641,786.1570368025241,786.7277213461948,789.4163848789532,799.796590777455,809.2502802756673,800.445498642359,774.5057472510598,746.5349757324844
14,22.45161918395062,22.395407840740756,22.478665349382737,22.011766709876508,20.467388132098787,20.754645986419767,20.39221465555558,23.18012654691353,33.252122943209876,39.57728700740739,41.259747997530866,33.18759296296299,29.637258916049404,26.28632393086424,30.83154789629625,41.690477366666556,63.586694333333334,51.560631025925936,44.8393456049383,39.846604395061746,39.19121658024692,37.54936797530864,35.166606703703714,30.28434171604937,27.84367086419753,28.290895987654316,25.91056401234569,26.065070283950586,30.07373459259257,34.85265875370365
15,38.064008609876524,36.562213079012366,36.628298406172874,36.14171475185182,34.161076943209885,33.71386860370373,33.44747122098769,36.42027985679008,49.20890056728393,61.40069204197529,66.46667814691358,58.17570714691361,50.12306085061732,44.55690946790129,48.02355098024688,62.58110193148133,92.78222484999995,90.12499091296297,76.50802542654324,67.49898788888892,64.26116304320989,62.076010722222236,58.559417672839515,51.84462632098765,46.64231073456789,45.92793064814814,43.45862277777779,42.44325303703701,47.0555937716049,54.46642495648141
16,39.007718121740716,37.298370716555574,37.169462216370405,36.74466342991973,34.92107282343827,34.27547767519756,33.98248296214201,36.59498297516664,48.34845648698146,60.797728488268504,66.830430056,60.08471412911731,51.88148755041361,45.92103203275931,48.31057405590739,61.70012459154925,90.39881785793513,91.80902001878704,79.35776649374384,69.63760239942904,65.62980859456792,63.280294923179035,59.87738306910495,53.461644634783944,47.99223484388889,46.70614711867283,44.41916560324074,43.20682305018517,47.18488508635798,54.35706743271906
17,533.9475206819004,564.1938246503978,587.0147618098525,603.820257180985,622.49952367492,635.5599183532929,635.9305424698535,639.9072336269616,654.1581338042322,678.0732600736403,705.7563383236596,742.1598500787766,784.0686493707391,814.641329236828,830.031768454387,849.237967473199,880.3510711749595,931.0438506978747,991.332057163826,1048.8499972849265,1103.7078702421,1130.2579126137302,1130.1171180614515,1114.2441532863309,1093.0202977325134,1080.6434129815843,1085.5948813995687,1094.6742281253175,1090.900913524963,1071.15272799549
18,627.260194331836,641.6910209387598,670.9087963749419,695.2492618221099,707.3171619001333,719.2709622335394,723.801744472926,720.7316493238578,732.5331947053354,766.9846776277327,819.0939269774016,867.3776250338686,913.4411421274513,959.7169207520458,986.0555326207523,981.1367694419846,981.5736693548773,1003.8791681380126,1058.008027653376,1124.2459689250663,1183.2814915581052,1239.323513154707,1266.8689402223451,1269.3395783205078,1253.1716276387435,1235.3485143499038,1223.9409067846457,1226.9352243423646,1238.1602774881806,1269.734348145712
22,12.394274499196333,12.469093123644338,12.537308376984866,12.639668328689599,13.124077111474687,13.985838080123383,14.036686842094102,14.952087167858839,14.97043026027671,15.652518381484741,15.453025837975044,14.699362976563071,14.150936904633987,13.63789037609592,13.549415467935694,12.164722377676023,9.574637358409802,10.3165189054852,9.638399039854143,15.735062566805379,21.87026005295303,24.81386612262764,33.17099452549191,32.15774512560118,34.38632718855748,34.15245621393583,35.724340536895745,43.535680492757045,41.510347274596995,36.44404315100223
23,36.05409914383521,34.21966843673467,34.80797407640327,36.933132894718,39.1547313857014,40.552420874999896,42.36839863823167,44.59500528042139,43.95107066697223,45.65241032599415,47.885274842362,43.94516170367412,38.90312885279699,35.8000665779597,33.505132056016905,32.569694579721144,35.47827958362245,41.05291495230034,50.529312367950844,56.373052656873,52.338664602426874,55.02325195896479,57.61495921148069,56.71510156871233,56.71260621177525,55.71515002118728,55.781259603644045,53.46926821547467,55.46767060028677,61.15793006404437
24,63.43313791979288,65.37775998335593,74.9039062452932,79.19167007953317,80.83825355618808,84.11995785311503,97.29584201216882,108.68240319997828,106.19882763935755,102.8479445420017,97.42924903282241,93.16341380591969,86.53966596177997,78.99300532689577,73.50440543667605,69.48759053035974,68.04600215340938,71.2347214906536,84.89372467344901,98.88208571160713,116.57038785531844,141.38706397960257,158.86767061337812,166.78558612454344,169.09491138652075,174.05109222007343,172.45681146076976,174.39134222613066,175.63955393221912,165.812448654432
25,96.02043330250304,106.014308451009,108.9596967125385,111.11007703756455,112.92220594940659,115.84113116342652,107.01296215953397,103.32838544071818,103.4378861817051,99.56839560078983,100.53129430245077,108.96368022377968,108.01484870036843,94.84679725968776,92.24716543634482,109.02791987481909,111.21179381854249,98.94310653833526,96.2885562034174,98.55551096208546,98.55701368692402,102.92230619672574,102.940220395739,104.7475271627265,101.43695296414619,107.13864163093307,130.5021653081797,128.59193564243256,123.21429709346262,113.55139572905209
28,96.60879790404844,101.25773454491546,108.20335969217804,113.54013731782123,116.62333611520734,118.94748672025756,118.8836162077673,114.8101843614522,110.63415820784499,108.25481735159354,106.43572066423476,107.42941851710917,111.01510527091143,110.12265833141807,103.68252707146293,102.3328956257729,109.07121862572521,112.03487456458346,107.38558974464017,103.80873650785955,104.20224363415453,106.28687024662926,108.62641863867373,110.33355243046826,110.53318888045865,110.89495753609613,118.4917682025159,131.24299355581647,137.1100938922756,134.3107749811068
31,325.4389523938415,327.7976246705351,342.8729937623531,364.0865095917077,379.7817848904481,386.16866664944234,392.8166654281915,402.8258513541174,410.88573776032086,405.2956508396693,397.1159221700672,391.04069209926774,386.6256204957708,372.7811051042632,354.8909962331594,340.5789077772731,334.9483352408511,340.28588526865235,354.83593586161714,388.0750800178962,429.0182163232902,486.88529406632983,542.1244864723773,561.751751294371,556.2063212458289,560.494127259688,592.352748856527,637.376269722204,664.1437205584805,683.1195381874153
32,356.62950549512567,355.2905211612966,365.87717772337453,385.0419307609466,402.1375687460613,410.07764993245604,416.2642454884316,425.15909944223745,437.1923596931928,437.1497709554412,433.61637492593184,427.7344978605916,419.56947062661783,406.1353052071733,388.1492353288477,372.2840193497027,365.9061020000249,369.46747264106307,381.5961728103087,408.1203117721899,447.61584441918274,500.6874196978137,556.6461704824467,589.9268853543093,595.3297803666011,596.1670340578036,617.9858138717588,660.5129625859608,694.9321211185382,717.4556572757905
33,696.6369511636863,675.9264069127821,681.0441484294798,691.568741526493,705.7453037849089,701.4573717633,705.6763919155924,709.884818884623,748.8347824744162,770.236865235235,810.4762829332657,820.507010089012,790.0925267227473,757.3628322772075,730.5239712035932,709.5200889839588,715.0653886771911,726.3279448053069,736.9211410466482,747.8944098072865,789.3646039443672,845.3917481891317,906.1375217614843,974.5352315278558,1018.9336373149653,1018.0785074692241,1014.6391844200896,1061.395476538058,1115.4693010384067,1163.777350014519
34,1649.1775651096386,1656.2486779077315,1672.9947142161823,1705.9485922676947,1747.312961381773,1793.326466473913,1816.251748564408,1809.8856478490509,1827.5008640380454,1875.3907758218088,1962.1096356721534,2063.9624150834534,2123.252654234421,2147.5867355959926,2169.3410667918133,2152.2707635183096,2113.8599616544752,2105.9819757305445,2132.2109508439744,2187.8186367547764,2257.585027285881,2355.232662567145,2458.4715596001756,2574.533183985655,2674.3648288018094,2717.94464305977,2761.3682453197125,2784.640144272257,2848.3827549303464,2974.607008256762
47,58.39989786823246,56.80667079346929,56.12767767203073,54.51198502630959,53.37458485809249,53.45722457305267,52.442572179601136,52.72843273615266,53.86866282569975,70.15778822923086,97.60505869510004,100.29424014905622,91.53531517931589,94.18671143835158,131.76578023675003,178.82751978712054,180.53037427720895,178.20075709415826,202.7296477347095,210.22159912449055,176.82232256446272,143.40362024562936,121.53170929102787,99.06049127253144,87.59429557769877,83.97341938030277,85.06707628301209,92.55558569454094,120.63909999958369,129.4250061246214
48,60.15989717069053,58.76594648106398,57.961700813852524,56.56146790117699,55.29073741394552,55.097550820501496,54.25215700837745,54.257569106620764,55.55705194082366,69.01504092078007,94.33319425437077,104.06605869598279,97.90979572580363,102.46172887393041,131.4895374338775,174.00748740941785,185.4348997599613,186.60102254118564,203.95111934969572,213.4409563798113,187.61852853132137,153.5555251924298,128.88679437151256,106.34766654806464,92.5778638620954,87.21004801815067,87.27032986801736,93.45397206609658,118.34445636806822,140.90362957833645
49,93.41914979590555,92.98917995148022,93.3579066882924,92.55926646600902,90.5744820133556,89.56536955877601,87.68029782189808,87.22796155906775,95.02823574918592,111.20360825490184,136.34169129106604,189.87545465243588,194.2083209261096,283.7680070212892,278.6500528313678,262.8113279314549,289.6460685140371,350.03729799085477,329.77867349071863,309.06543289616195,275.6484931386386,231.74975524283496,195.84705221853986,168.3248727960166,151.43622783102717,140.73036657300304,137.7572870998428,142.37757706745194,183.61109291622657,407.7919222931058
50,139.88902684012365,139.73862437430074,137.33101476098068,134.370187171541,129.7664768724259,125.84761182689155,125.41770161482535,130.6750481013313,139.85472156470317,152.94667596046222,178.63043833140767,228.69973099352922,242.48229876682947,319.54425080133745,340.9502943794367,340.22295585007686,383.690142711829,446.74669176410987,434.0005746150364,399.4364364590264,356.4520683062507,307.1197287457936,264.693306836554,232.65532340297912,214.9301528645216,201.004486128383,189.24030093855447,188.38003487616123,238.7715896215589,525.1095909426531
51,143.12898572639492,143.27265843702926,140.93262297142945,137.85367854388062,133.22165034485798,129.0194102828455,128.2792847531394,133.32964852796238,142.3022700924774,154.86146083971613,179.28695800511295,226.7626152093316,244.65331628060403,314.8415465340547,343.1675819844348,345.8628720061117,386.17521288077904,447.7850334258566,443.05530483042367,409.88762793108685,366.94015512764406,317.74012010733503,274.1462479882849,240.71416461017483,221.45540764806918,206.96424035098966,194.4270485974813,192.02592530254032,237.79239234743284,504.5981058915335
52,150.30405910174397,150.75004947471857,148.2825722712082,144.90056074836758,139.98089973113073,135.29487948270454,134.35719835615959,139.70493904670371,148.7539290980128,160.73201442147848,184.22231044304652,229.54443148790753,250.61963975702798,315.7909751538288,349.9105125411952,357.38707395040075,397.5755729377522,458.4880747445594,459.7349559737607,427.43640547101,383.61498383663655,333.8480541438594,288.82916614154385,253.82342583805092,233.20146539246645,217.8935995428746,204.0184704815341,199.86209548175313,242.8952050938699,500.9510999134276
57,83.55354866947344,86.63049160278166,96.79916540627435,90.21154729918337,79.7018824286882,76.59047352262766,79.17662270540696,93.54302722626849,84.80086673613087,81.81556507508662,99.40584228900371,153.06800928171137,242.7658444291626,229.61071203970965,210.05954606892377,269.31436268178123,252.51929762375997,235.65781653803444,218.48288224048332,201.23074638573658,189.6224216561439,178.08378210346368,162.77975860961672,146.05210040591902,131.81261249367907,126.11971575532692,127.45355047434552,123.4862600945385,152.7856490846918,224.41559251634484
61,355.6228161315758,351.53157657111245,345.2479254670685,337.79028808653385,325.83455649071095,313.8908021593213,309.69680282741047,323.7257696458866,352.0055414635817,370.133996760489,392.31282325258235,440.9682323576086,538.821467983087,691.3945724437722,862.282609489855,857.6577237869546,852.8489706725684,893.9848532113192,970.9075958515343,924.0754278393661,817.8072526268404,729.7518692140428,650.6007047665048,582.5856996178773,537.1738506004501,499.56757155123944,467.5793800037759,445.5915473080602,463.29661864259253,595.5392576751772
62,395.42264256519144,395.8866532634378,378.35333893289754,369.00451258268936,357.12004303654516,344.34057226469906,337.09396136855634,345.35999265935175,371.14162948336036,392.9752653259102,413.0562768334208,452.3639328070417,535.0773395642481,663.1207604712151,827.7498637958572,891.6556582651959,890.5996700962276,921.0156962769995,980.9082344956516,974.5970140025589,889.0348143597831,793.3039438561891,710.1980213537605,637.9919990189829,583.9140499158226,543.7300313423722,510.24625316258437,482.8844294595679,483.6922105678197,573.1257525821164
63,484.4297962516928,495.8907387347548,460.4144700917149,440.8250525412318,426.4897571579494,412.28020062522256,401.7128987984853,404.03874944733315,426.7657655552101,450.3503443443817,470.20783684841035,500.5180470695408,567.2928067703533,661.2854714038792,806.6902832539348,930.1494375161707,975.3483957587238,1004.1444610989028,1039.5500687420906,1054.1527938491547,1009.0380810637059,917.7476051711841,826.1472399147275,747.9196477765532,683.5596756474499,636.3765486380266,600.6097965518585,566.1883100498541,547.1262812251822,588.9214441921857
71,37.501234567901264,32.05437037037044,28.00444444444446,24.905135802469186,22.40646913580238,20.932827160493872,20.78050617283947,21.57262962962967,22.429567901234535,27.988666666666663,39.150827160493805,52.263604938271584,57.86282716049385,56.36549382716049,57.497456790123444,64.90069135802469,70.59988888888896,68.72259259259256,60.74498765432093,52.68625925925924,46.28339506172847,40.84845679012348,36.44867901234562,33.19087654320986,30.314246913580245,28.92990123456789,29.69216049382712,33.69207407407407,39.97439506172847,43.46277777777785
72,39.86512908024698,34.651163220164655,30.455210808642,27.150449389300427,24.657042298765397,23.565434636214036,23.706073381069935,24.68308946378604,25.31908264897117,30.706728039917728,41.57269813045263,54.86546209382711,60.75776405679007,59.60744213086424,60.73276955061731,68.15936940699592,74.32184590946503,72.67023935802463,64.75286806584359,56.18807836625515,49.37886407818937,43.60660679423865,38.96275623456788,35.464597452674866,32.551614419753136,30.99199122633743,32.21308607407406,37.157408464609034,50.48588364609063,50.105107918106995
73,48.727223666358256,43.66870649300407,39.27718386296301,35.39740765130645,33.06581956635815,33.750875070164696,35.42170971718107,37.39714169832306,37.19100942798353,43.10950534794258,54.251904444032775,68.74159238669736,73.84818970339475,72.24232582839525,74.05231748549399,83.20420619431087,90.75483333227342,88.05614187407386,78.80471091275724,68.2240419517491,60.20283281646098,53.319588695473,47.95582360679021,43.78724826255136,40.81190338179038,38.94579047201641,42.525560577777895,52.0786279260596,93.90925845192405,78.04355086437215
74,300.215065561962,278.58987023188956,271.8829776713021,271.749408326993,270.4810764707531,270.65882722611207,277.12524502448014,313.92966303099877,358.15630472616715,333.3606110352094,296.36505111044386,317.32240355113186,441.575643155702,494.12761828954024,434.60050689555936,407.9083708278467,447.6621618222326,456.53971804112393,416.496482827662,376.0585990805129,352.3894393698266,318.46472073609806,288.4691552339244,265.8548388390444,240.9760941486465,219.9395886149517,206.23662859587932,200.7072909025399,241.1654110204537,400.614668565534
76,352.69916893050765,334.2096527607191,318.9979677994279,312.7836386383558,313.25608557431053,322.3053417625127,333.7534458432142,359.93814512477144,395.7936740439554,412.0657928281569,385.0456890817428,382.397836966082,445.1243847242082,530.580534084922,534.7421412378378,501.9302381488639,513.1462853469613,529.9991688382562,506.6049081281194,455.8038448596763,417.7288617167315,383.9399289390375,348.6118849417882,319.0984747461496,295.32338602879804,271.2039495339391,266.7671510133799,281.94407978748734,447.2474077913914,459.1664896479275
77,427.9019197759931,418.32411495953977,391.70427313303657,372.6064549070144,364.4203024933712,372.04128231348074,393.56085785113635,424.2416429827299,461.77488847641627,494.62089397489166,506.4283516489014,512.7473503043204,556.4139560614298,627.9813070203392,677.3861319067793,677.7392415414483,688.1937138594219,703.7454731861965,683.2736108549288,619.7580734799353,551.9183365435673,498.5258002342534,450.0484246993774,407.4678891352891,373.46566800149094,344.46746320184957,331.636877420218,362.19048273759716,512.067062001437,628.0082784867041
78,431.16093960955254,433.9415661515802,412.38577789407947,388.4091865011904,374.7087193323896,377.0379717588057,396.7058744882246,427.454417103825,464.39614040960225,500.6019440542305,524.6030448773232,536.252119309007,565.9189466255971,624.3241719726453,685.0067348707627,709.3266648232991,720.5184133491553,733.964409096337,724.522116159624,672.6054577565529,600.8286673040909,537.3935034742451,483.73378250557585,436.48787487958526,397.3390285850181,365.17381357207057,345.5276824588606,365.03171689239275,476.5923558266889,615.3846156067319
81,523.2066403658276,531.3963192901639,508.1682590350113,472.1016448218261,443.9634909737176,445.27980317476414,484.9493512355107,541.8985920889622,596.2414377959789,645.4976995422217,702.613901893207,748.2408072043497,784.8935005912842,817.8124444370395,887.7982218793403,959.0766165827472,1020.5700565836385,1040.5157343710137,1013.8760165592654,934.6344705442285,826.6647197204575,723.811582831314,636.3848461196244,564.883310248124,506.70947804164484,460.3510008596988,431.65678819859403,480.7678266118255,633.3920358863447,828.7169425830787
89,226.84092995604055,213.67089767474423,318.3465023252558,310.49764565672695,282.42912093905693,323.45784086413914,530.7928744099652,848.4174504545742,672.5754999999999,631.0425312080101,571.8392930944619,561.0846785840636,573.2799538019816,506.8551275293845,533.9157853943577,444.5599691962348,407.46750530871634,348.09484145355225,325.1060618068554,276.03169054921466,243.39329799743933,206.65772788902564,176.5319714590002,168.1691714249364,151.65178397341128,137.17008446481492,126.53787642549587,120.00703910968923,149.12456223388958,195.41189841786138
92,767.2075596668036,896.101362855475,1276.340454107615,1684.3456137957455,1764.4430524759027,1355.6363352796309,1899.2824251976513,2948.4683776215315,3676.1223146258453,3354.4922449756914,2230.3566086584833,2145.8602076351463,1975.9173083468888,1761.6703682288035,1613.235731569203,1391.9214804957846,1219.3674236438826,1071.3699512499898,951.0159461810472,860.6769868941558,767.9889194384705,692.7117971558589,620.7947307486513,563.6341829249341,524.6779288675524,496.55946810995636,461.89104374731835,460.03703624497587,538.4844554229511,642.8119515836376
93,31.72300935263154,81.47772717271506,116.94733969601853,83.72286045144496,70.24041623748816,63.003075141960835,122.16868401246904,133.2022131403655,107.93820454037338,137.15392672119972,117.82488397285394,96.70210547762024,76.64635833080996,62.368468632111735,55.23436623011309,55.137798247741685,50.884645988197406,43.797961449465284,37.94732771035296,33.622255262956166,29.169106233957717,25.327383899844143,24.097742120370253,22.8588224629635,21.645390243826405,19.32561345061739,23.93399142283941,39.916818775927425,63.09645387036974,47.89777018703619
94,832.7805165788164,1012.4303227437099,1244.9121590227905,1661.173041324063,2001.304401412863,1998.1587109974,1730.809821079585,2401.6429339055694,3419.520442789013,4001.6403310752326,3587.6041550147374,2568.6328950846373,2432.052164099534,2218.024058247812,1986.4653625351316,1814.8628857998385,1592.8963730489018,1413.1988752357001,1254.5132684882146,1123.7423940875035,1020.8697355760874,918.0321587494547,837.1935352672756,758.5382264654027,698.8858760315128,656.7491954606983,628.7600033601389,632.0077355769582,679.7090025436629,791.9200380856632
97,379.60541486296336,915.5677963777312,1218.7162245444292,701.814301285185,523.4297371333795,756.7040607036736,3961.8820437962804,2384.1820180796763,1217.1024465518663,1275.4071532333335,850.8116431684728,650.0433767703544,541.6609515074541,415.20537717038553,368.574147968518,335.65728495802546,316.3444508203307,273.46514774076724,235.27241087964256,195.95931311111104,171.2909271481485,154.7098930370374,141.772544435185,132.59778558333312,122.6338421759259,119.74975535185226,106.39499018518428,104.30547217592617,108.20717754629612,129.56069168888945
98,213.52351296296405,766.2442370369741,799.3425814814823,403.3435925925924,306.12267777783865,771.2242185184583,3218.856127777778,1233.210750000062,768.1687888888874,758.6336611111118,462.26871851845726,369.8438407407399,279.961722222285,223.78325370370231,207.12925555555537,185.90734074074174,177.37806944439137,141.70537500005292,123.79130555555516,100.04508333333337,86.2258750000005,75.90298611111142,68.55093055555521,65.21345833333315,62.40154166666685,61.262152777778155,54.0560694444433,52.31813888888974,53.49893055555522,72.41594444444529
99,49.43720787037225,51.65432303240696,53.32098969907363,53.83184606481391,53.83284606481391,55.031648495368046,54.523492129627755,55.72299456018771,57.07967395833495,58.43665335648219,60.30412245370305,61.83859155092386,63.88391701389076,65.08638611111157,64.07140671296439,62.03578124999743,59.83712060185277,60.03249814814976,61.07113206018706,60.55098784721758,60.52102060185276,62.566312731480515,63.373843634259714,62.548341782403725,59.66722662036901,60.921642361113435,62.964601157407856,66.18471631944838,65.93530057870395,65.6440927083375
101,107.71615311010268,88.24883823799047,100.19116176200953,83.2000350660066,74.286549779978,99.2066900440044,227.22,296.57769584250093,235.84949652777777,183.97168402777777,145.93951967592594,160.5901099537037,189.32986111111111,184.02050925925926,146.98895833333333,138.39360532407406,174.35180555555556,157.96588541666665,118.67861558030803,95.2000350660066,80.1933800880088,67.24218325999267,58.231091629996335,51.171196828016136,46.26880317198386,44.202253392005865,38.34682755775577,37.10204574624129,49.2066900440044,68.21112669600294
102,609.0009876238037,465.9401241777829,561.8532349386255,706.7896273280434,695.3229005013409,760.870512388883,1209.9366225777817,1315.2801807777776,1320.5314250301494,1344.839354092062,1214.4934383365094,999.8719674809523,603.7994115589885,536.3002306365023,420.11499288095706,380.0868323963754,349.6624663651623,325.4721660748374,304.9719128280417,287.5639319709003,274.08192399726784,262.3604803173795,250.57010489938872,237.62143630159073,225.6872973703711,217.43821101851796,218.35883994444407,227.94519066666572,245.3412534999987,252.51898595555411
103,672.7870647525114,533.8289408356079,548.9859706135837,682.0337922329725,725.3361148820172,766.1519191935711,1096.6380630569497,1327.2210303630293,1367.9926249698924,1386.4828973368192,1305.8492111814303,1112.9550786132497,766.1285434959817,580.1496260132533,476.8076413483755,408.40755144028606,373.45766663891914,346.1638884375269,323.59578646496135,304.4464005722093,289.0753738589114,276.294867435118,264.0885147001754,251.06506683232567,238.32721023484743,228.46955024352613,226.1884141526693,233.07448372428163,248.36401449173488,259.4160141431143
110,41.77865185185172,267.04808888888857,160.04964814814866,108.64580000000001,90.12158148148121,99.15501851851879,310.05324444444386,157.34884074074125,167.53158518518518,86.61847777777726,72.8731370370373,57.438511111111374,43.01714444444431,43.324259259259,37.41751111111138,57.183588888888885,41.9136296296295,34.9006296296295,30.04403703703717,36.132888888888886,34.11688888888889,31.10288888888889,37.34514814814828,35.17174074074061,36.31214814814828,35.29514814814828,32.121740740740606,41.363,58.70411111111112,32.22514814814828
111,425.8418821296271,764.8094033333347,940.0108173148137,671.3635821296298,509.1248580555532,585.7622329629642,1318.847678425929,1562.3133367592538,1349.9265580555586,1260.8089765740763,1019.0797246296249,674.644910833338,653.9960163888877,609.0063858333331,410.89994129629315,403.51390435185215,363.21719787037375,322.1948398148128,345.9783148148169,290.31628981481134,280.2102617283946,275.4062043209887,261.3381237654327,252.24356728395153,233.08475648148104,232.1204694444444,240.30859197530793,263.3863685185184,277.6330154320995,290.8470722222228
112,445.800427872683,779.806425342208,945.4934072426687,693.9991739614198,523.5436669428991,590.5880978962201,1308.652007018907,1570.5433431550873,1377.7869317538605,1277.6045399413604,1041.9902083692086,698.2814172473036,658.3084796527769,614.42316593287,423.29868593093835,404.724282019676,366.43652206404636,325.2921004317112,345.51048670910683,294.09303024305234,281.44077973122364,276.3105008873466,262.706579116513,253.2419629205256,234.61137330118274,232.46942758487648,240.21523484439228,262.3154667335389,277.1376062551447,290.30158188683185
113,975.7720067016197,1467.4216382477662,1250.0568001480124,946.5142225072237,698.214375856017,781.5359874851309,1807.8566303177683,1999.7794070087962,1807.0436225954734,1581.150967218849,1330.6073735068296,902.6000544204626,742.7351922350667,694.8925345549563,511.3696201536599,428.3216451634185,400.37632020073255,356.22609237561977,359.32169178497713,325.04763968196835,300.5573868171497,292.578404452879,280.2902018208919,267.4209415612794,250.76554692815506,239.90680504307053,246.33808984556043,260.7623912732871,279.71834692811257,290.8511771004981
114,1574.3795663511146,2307.5665156444547,1645.4084645799462,1167.725587997812,853.8368551998174,1009.6723003783626,2526.531857933075,2544.360047180003,2237.061398457139,1899.3468759484308,1594.3205408003862,1048.9079059157282,831.8009503816804,773.7658964916269,562.0502635870477,452.68773465467814,428.2846256297337,380.6462637349992,380.3601496614391,346.1279482973716,319.2020042420726,309.5280432365754,296.4482157453728,281.0061254795042,264.0717975563872,248.01478151050472,255.10440690471574,264.7833053804651,286.0566477387911,294.78030288776006
115,13.659181481481474,11.466213580246915,9.519825925925936,8.223162962963004,10.585783950617285,14.320651851851835,17.69595185185182,17.785424691358003,15.67273703703703,12.835074074074065,14.390562962962944,20.37161111111111,31.73302222222226,36.92576666666672,31.36951111111111,27.36881111111111,18.20244444444445,15.32081481481478,13.377790123456785,12.711333333333373,13.017432098765434,13.67417283950617,13.8331234567901,13.911493827160541,13.946320987654298,14.471555555555577,14.961629629629599,15.581633333333269,25.998,25.081033333333416
117,15.044120740740741,14.491679259259257,14.597142962962963,14.445301481481483,17.293860000000002,18.694300000000002,20.095139999999997,20.89658,21.898419999999998,19.900879999999997,19.303720000000002,19.30698,19.31062,19.91488,20.719519999999996,21.7243,21.529220000000002,21.13428,19.93926,18.5442,17.14954,16.75526,17.1612,17.567339999999998,17.57366,17.98,21.386540000000004,24.19326,25.646575,28.73333333333333
118,14.088369210877518,13.178812032119412,12.211014602584688,11.68429197324364,16.876580377999996,17.03429717,17.355208382,17.839476074,18.163142306,13.302201224000001,14.439084536000001,15.739664654000002,16.879465045999996,18.831040184000003,20.622159716,20.955662989999997,20.480114126,19.681693124,17.911981718,16.14321026,14.700017342000002,13.906020578000005,13.761414440000001,13.942062722000001,14.123505098,13.657371920000001,13.569805500000001,11.430100310000002,60.88052150000001,56.85195299000001
120,8.417098765432028,8.398432098765362,8.41834567901268,8.400012345678908,9.382012345678907,10.03134567901224,10.68134567901224,10.370259259259557,10.354259259259118,10.33859259259289,9.990259259259119,9.975925925925786,9.962259259259119,10.282592592592453,11.852049382716224,15.00362962962956,18.15554320987667,19.726333333333336,18.134209876543334,16.543086419752893,13.37050617283956,11.819296296295997,11.811296296296439,13.38575308641977,13.378753086419772,11.790629629629771,10.908419753086209,14.028086419753103,18.72987654321,21.95731481481534
121,35.910715555554944,31.978945555555548,33.96610425925901,32.969619236110454,33.4034242361115,33.6370292361115,36.624191296295514,36.65403796296294,36.41093335648209,39.086421226851776,38.827143703703506,41.48176074074136,44.12528277777831,47.03010108796263,49.92062564814844,52.81678770833366,55.70091518518509,55.67002851851858,55.63954185185206,49.786343981480876,49.76079564814799,44.82251233796293,42.79964317129581,37.878112777777105,38.765460254629595,33.849627777777414,30.939093217592802,36.703072754630355,39.5930939814823,39.58239814814885
122,38.36720702190178,35.65228168640344,35.922948975825776,35.529939464736984,35.69511508241852,36.05420736880509,38.49964558990802,39.46924240617806,39.62153072417945,41.864982509077656,42.75477164497329,45.089769676979216,48.23407750143361,51.20865511949978,54.207180483410745,57.487293417945395,61.35412800485001,63.29805069460973,64.07303913089744,59.5831497362764,57.38556544753084,52.88570064451098,49.663106240740625,45.49022443799334,45.39369059653312,42.76617953571333,39.63013853902282,42.61469352593154,45.446574991623365,45.72394917314907
123,74.76729157882654,72.54004042387996,71.09045468632274,70.16528999739694,70.28237636010246,69.86196552167895,71.3024482193303,74.24762475803351,78.54960859851454,83.68621674739485,89.38744652048712,94.16960985050096,100.51302889579027,103.13127101223819,105.81157851282924,112.5312982676488,126.06431295142895,143.53399064548023,158.17357747223292,163.94168271592088,161.00657083121396,152.58906320804277,144.26054618667575,137.99278313286752,137.94653498479852,142.75712472205015,143.49232130558323,135.0205455794926,124.02169561587675,115.72766839045632
125,123.17806794121435,125.11801627018455,111.79360585597871,100.89046579743385,94.38850357764385,91.62811339713949,89.12127539822217,89.42342229340437,90.15924204198413,93.45862588246516,98.00930069801214,104.70484405135132,112.25762219617998,123.36233013035817,127.38574632088017,135.9819970313478,147.66619950221667,166.80590554402153,182.57275607757902,189.68268858334403,190.63564567888386,182.48415107812755,178.11723604754894,178.16955853235476,186.4153510341021,199.2974485650454,198.420976573902,188.41664229323754,165.16058261652964,152.0410622825434
129,232.56775255928807,265.95755646840104,262.5958360181795,238.49725362228898,202.5249316935194,191.93820010822017,174.7502003369696,165.49761677730862,159.45594747920248,160.5031893794001,167.9140660117495,180.06186055186382,195.80339078459414,213.58701715896115,231.219992617196,245.3257656724396,269.30759258798037,292.20565362984104,309.9349512422753,304.21805749944184,309.5037780466303,334.8224635531782,356.47078324839106,350.3543402485767,335.89396939129296,381.89132939423405,446.3476729778228,376.30794359712206,334.72004994813096,285.68186858058164
130,244.05992012454857,275.88662294659986,286.2812043127677,270.255859661729,256.8114415506713,239.9452283922183,238.6538557972129,231.7069969642044,212.90054302008005,190.66817233250705,175.54762255897015,191.0478412218779,202.92959269379602,222.67433950297493,257.03084543552404,275.96490961547084,310.8510017435421,343.6124985661028,357.66553402721786,355.46598133261836,335.0570158844787,380.1038116703059,398.54464386921285,403.49538491413716,368.90267329787724,405.10342116255583,457.25267590852906,434.13834112714653,364.2251702442641,318.618659788254
134,32.2922777777778,47.80579629629633,66.85545185185183,59.35981111111108,55.50305925925927,35.609270370370425,33.18670370370369,31.86698888888885,26.53801481481485,24.2193,21.36254814814819,21.357648148148023,20.963859259259245,20.654403703703714,19.02913333333342,19.877085185185148,20.103666666666673,22.723037037037045,32.67574074074075,47.56262962962958,58.20977777777775,89.59766666666673,233.81788888888883,149.178,105.67699999999999,105.34166666666665,88.50733333333336,79.56188888888899,62.75433333333327,59.364444444444494
141,128.80031085483373,135.94612007424215,150.68374186004797,160.248319195484,153.70187002476843,142.631538268214,126.06547034451356,119.8685878181827,113.72806535498472,106.65633360482542,101.77727295482914,99.39349110545436,100.8251539821802,104.5730281715883,109.13624087563699,115.62409945107672,128.18378208814522,148.32281564932092,174.60836004376335,205.4391813159385,237.808553657551,280.85102007071015,367.0000916772685,452.07792725194406,396.90204201546965,366.95610107742505,356.8474455853444,327.11007917866743,291.8539674124617,253.98320544066257
144,204.24412763610857,207.64317768074872,215.01854803625585,222.36479349437602,221.56432323761015,212.66305981022805,200.69341533783253,192.5618999111649,187.1334113046654,179.54863332584952,168.42539904465823,159.91112236056853,154.9107590742724,155.60996562755759,157.10619637681611,160.98886879838423,169.0037179621359,185.42023974477917,209.24140440662313,244.3097406397606,290.98075067743616,357.89653453957123,451.5839715664476,567.9821276978419,606.5557682626884,579.7705486746653,557.2692300300963,527.4983401940364,481.65990516963313,438.10406948259117
145,69.50049999999543,66.60239506170007,67.34793209875114,67.32929876541782,67.31263209876431,63.65699012342577,60.00401481479337,59.99638148146004,59.99208148145982,59.99141481479338,59.99441481479337,60.00108148146004,63.65342345675888,67.30973209875114,70.9700407407434,74.63434938272228,78.30245802468778,81.97433333333333,82.00833333333334,85.68797530864555,89.37095061727773,92.72359259258992,96.4129012345822,100.10487654324112,104.1328518518733,104.85418518520663,103.60220987656108,97.73461728397115,83.91774074071664,75.68864814810664
148,177.89925254325746,182.49730933567992,191.18327730665126,200.15061884875368,199.86965282617558,190.7550908964912,178.06582877086996,168.94175761452715,163.3628473250096,156.05892533715817,146.60464814788287,139.8032937176418,136.4165436904222,137.88490960389038,140.3002573121929,144.7920156085729,153.4282130805678,170.04300224064667,193.85903128018413,226.9995447423509,268.85134520279416,326.39369525147623,411.0639290954399,517.7345060348223,546.212355605929,512.4063962879598,491.0811930188848,464.4706099745985,422.6920741636202,381.50029040225655
149,29.82180630016099,30.619954874442396,32.1754518640608,33.90146373654196,34.84458304276569,34.76650717542863,33.79673333333333,33.26251016821872,33.729324495206804,35.535641971059896,38.05993764955471,41.60004107573312,45.26138799223717,49.052435405060685,52.492724129261575,57.66213051575227,65.76335949123803,75.38687123106989,84.2820148253439,90.27802395259452,93.4758553406648,95.04570519762053,95.86845995304209,96.73847293807768,96.93902167528627,96.39878578695654,94.07731078998616,89.56501188887141,78.38880540780595,72.3492518874557
154,94.75872839506174,94.96585185185181,94.82873456790124,94.61666666666667,93.7964691358025,92.40793209876541,90.77006172839505,90.60353703703701,94.8216049382716,102.92074074074071,110.54919753086422,113.2215308641975,112.10759876543214,109.84927160493828,108.88140123456792,107.4863950617284,106.61266049382715,105.38012962962965,103.45580246913578,101.22393827160494,99.89793827160493,100.4774691358025,101.72333333333331,103.70453703703701,106.21472839506173,107.98219753086421,108.60427160493828,108.72987037037035,109.54693209876542,110.06987962962965
155,29.529600599643466,31.047689612063717,42.82795301325243,52.42817213698895,52.91506574687888,48.785965964358724,46.03048673700438,42.44963949026946,36.135003574132845,30.485955264107037,28.1513217864109,26.015484555334485,27.122039085082843,33.91662018464643,43.320108051273884,44.5796229152173,41.99332624867115,43.69888866610326,48.5937158560714,57.89153601266634,71.03337355299905,72.34383959287943,76.31494212528705,91.54708137650526,88.44868432965879,74.41234988738972,80.07688798507482,93.61801058040098,86.69143620765465,69.13465656653527
156,98.94642949775579,111.47158012147453,125.54159412244894,142.036890710631,150.31399014274157,142.07089366827887,134.0390252642215,127.19546572073406,116.4401128523554,113.71909039472791,122.64770512478637,123.88068233182727,118.45476717382672,108.94054992078802,113.66331284083051,113.550986668782,119.6400649492713,137.18256328237442,144.9648070417216,155.0517641416818,170.9815532697761,181.88468693037186,189.21335994424368,229.33814822349825,240.51946902671,223.0133767082445,216.24265226792812,221.0748240555618,218.81544848887063,199.73712284645325
158,14.323639506172796,13.81197777777764,13.51064938271594,12.970823456789994,12.340738271604897,11.473122222222221,10.97445679012378,10.557704938271756,10.412681481481547,10.264695061728284,10.13072098765407,10.046586419753085,9.887291358024681,9.945379012345843,9.679182716049427,9.474504938271544,9.255732098765277,9.923432098765277,10.489074074074061,11.544913580247025,12.5160000000001,14.106580246913609,15.385222222222211,15.870111111111108,15.553530864197535,14.611074074074006,13.684382716049427,12.874098765432146,12.85735802469142,12.914740740740683
161,38.12415438720793,34.01808248831548,31.911334747606713,31.419333333333338,27.07766666666667,23.737000000000002,193.733,198.73100000000002,50.73,64.06666666666666,68.07133333333333,68.74533333333333,61.42166666666666,59.1,55.779,119.795,323.806,101.833,67.856,51.21333333333334,48.572333333333326,48.266333333333336,51.29533333333334,60.99266666666667,68.02433333333335,61.390666666666675,51.757666666666665,45.125,243.161,266.198
169,299,314,338,357,364,365,361,353,343,334,328,326,327,327,328,331,340,352,363,366,374,386,407,428,447,469,489,493,491,515
172,278,287,299,314,338,357,364,365,361,353,343,334,328,326,327,327,328,331,340,352,363,366,374,386,407,428,447,469,489,493
173,278,287,299,314,338,357,364,365,361,353,343,334,328,326,327,327,328,331,340,352,363,366,374,386,407,428,447,469,489,493
178,272,278,287,299,314,338,357,364,365,361,353,343,334,328,326,327,327,328,331,340,352,363,366,374,386,407,428,447,469,489
183,36.47093127808642,35.910016025411515,35.23702486995884,33.36449600658436,30.616870626337445,27.53552445144032,24.182985687860082,20.54597452150206,17.178423208539094,14.691229140020575,13.536214220061732,12.982526374176958,13.804071397736626,15.689904561831272,19.635881065226336,25.58927356039094,35.009291601337445,47.238725377572024,56.89113903189301,62.0593210632716,72.19026838683126,83.16679911213991,86.02925478858023,80.37462100874485,75.02686750823047,77.23393177109055,69.69340569598765,57.35046963786009,44.418452024176965,40.32793023945475
188,8.62897654321002,5.332161481481133,6.493195802468821,8.85109925925919,10.661847160494286,12.571641975308362,15.407887654320675,18.34962197530787,18.30799703703729,18.829431358024976,19.493092839506595,20.535762962963105,19.62190962962977,18.709956296296436,16.982906666666665,15.540886666666664,14.054566666666664,13.56657876543157,13.72242543209824,14.279472098764908,17.487156790123706,21.609286913580736,24.110126913580736,26.05632345679037,30.537800000000004,38.37210370370392,46.03429382716007,52.1634839506171,54.80698024691319,57.06913518518555
190,196.7228839506173,194.46417777777776,187.76685432098768,193.18166296296295,198.54274320987656,197.0272802469136,193.22916666666666,187.01730000000006,185.4797666666667,187.1985135802469,190.50333456790122,187.3275012345679,187.24072098765433,186.92670617283954,186.34291358024691,186.11232716049383,174.5594012345679,178.84145679012343,176.4494938271605,186.01865432098768,190.73412345679012,192.6240864197531,187.22608641975307,190.74449382716048,189.11941975308642,200.6897037037037,188.2152716049383,197.93653086419758,193.72167901234567,205.80661111111112
191,154.06312155391697,156.3039979240459,156.58573811838423,156.60981070817365,166.26850242845907,172.58882127548898,180.02845397361003,209.37148461871308,230.19502400806127,223.0798398421042,215.75749054941136,203.66803708119434,188.35685884764297,177.0546637765368,171.11669802991793,166.97098380343752,171.28696977657793,172.28683280677427,167.03021852869813,186.7268286817369,192.47618113529728,210.59890108780002,228.82359141569262,221.86359323438677,212.7749565025755,198.85717448864645,188.06255416246492,194.73057709522962,226.70986050617017,264.6805225852157
196,8.940785185185188,8.634029629629618,12.1271,34.00080000000001,42.124500000000005,27.354681481481474,15.657937037037046,12.003859259259242,10.002559259259282,13.042925925925905,19.652737037037046,19.766277777777763,22.00571851851852,32.18497407407409,33.60497037037038,34.00181851851852,63.66255555555552,74.06533333333333,55.21348148148148,40.560703703703716,38.22274074074076,47.34774074074071,78.43107407407408,117.8847777777778,99.05607407407406,75.87551851851852,86.14866666666667,76.982,49.287555555555535,37.02466666666667
197,18.137374074074074,16.988625925925927,16.946259259259254,15.828918518518524,14.712477777777776,13.901692592592598,11.742685185185183,10.130874074074072,9.213607407407402,11.906351851851854,15.285381481481487,17.516162962962962,22.77945185185185,25.745344444444438,23.818818518518523,19.438488888888887,22.006333333333338,24.27978148148148,22.35425555555556,17.586037037037038,16.668670370370368,23.858885185185187,32.428629629629626,26.238114814814818,23.775551851851848,37.553629629629626,31.54467037037037,24.049699999999998,20.132333333333328,18.396522222222227
198,30.468291512345683,31.587639814814818,35.12341898148148,33.3689200617284,31.144267129629633,27.308383950617287,25.62470061728395,24.39580385802469,24.83692685185185,24.666474537037036,26.211170061728403,27.066972376543212,33.42071111111112,38.3235612654321,38.51351141975309,34.92216867283951,40.22007932098765,43.23561558641975,41.78551790123457,33.62683564814815,35.571121759259256,46.888948456790125,59.521932870370364,54.67344737654321,50.100894444444435,59.81186342592592,57.77275910493827,47.40715216049382,38.658364969135796,34.40421990740741
201,11.030471555555577,11.674040666666592,9.952279555555599,7.113677888888931,6.456415444444568,5.480098333333408,5.20185155555543,4.72524455555543,5.016930111111067,5.094894333333339,6.070623333333445,6.542727333333288,8.299915555555666,10.071367666666628,11.578626222222212,12.541662555555504,12.540477555555505,11.185557333333405,8.770720444444432,7.326925222222222,7.169557222222185,7.289540666666673,7.316260222222228,9.477691444444488,13.638744333333575,32.78307766666631,17.953408333333634,15.220614000000054,11.851667777777703,9.903861333333285
202,4.483553135802477,4.745144518518488,4.045300691358042,2.891494950617301,2.624337641975359,2.2274942592592892,2.11439535802464,1.9206690246913072,2.0392303827160316,2.0709204814814837,2.46752481481486,2.6594208148147964,3.3736646913580697,4.0937064074073914,4.7063614320987615,5.097806580246893,5.097324913580226,4.546590814814844,3.5650326419753036,2.9781735432098766,2.914208209876528,2.9629778518518544,2.9738385432098786,3.85239497530866,5.543737148148247,13.325329740740596,7.2975175925927145,6.186719333333356,4.817344567901204,4.025620148148128
204,267.16040670937736,270.26095748405874,278.8486345298223,278.71186630871483,278.5295317513876,269.33379484663027,268.777986161797,263.6595217049224,268.3297429441731,262.40298503590293,235.19647473195158,212.2086092815656,208.51329097992192,215.27105041861432,206.077460924515,198.31137404938272,203.23756979223722,237.9428321336176,287.33058179403747,324.32621981283717,337.2807585153771,331.79142004551767,352.5811451011638,391.69784420863766,487.3874574425408,575.9764030153708,636.7417498536307,615.5940073654165,546.4401564193917,506.2075811357083
205,29.497304981096296,28.489539226013754,30.62081072729715,32.654097082560455,34.828805556654046,35.413905528207835,38.55350666548666,38.80380452111216,36.67109480163991,42.276451912189046,40.915442431117235,34.24033831391876,31.526494823348827,28.885398585791513,27.539860825503165,27.87291845379634,32.760008238704245,38.87003484740106,51.52210673726783,49.19491086258572,39.834137340674864,44.48208074039005,44.25839512827823,45.34413811224122,45.48059305843232,44.44130518413361,39.78264370506656,38.85831678352424,44.84735179006518,50.984878860142416
206,96.93479128156928,104.87715325067644,111.37677938144887,114.2132697896283,116.42983697572149,118.77581344879097,115.1993816120825,108.98633251207497,107.30244803716889,105.15510547185046,103.81334186883207,108.70510951558404,112.0039064712623,104.36690246180925,96.9042474038082,104.8710186007248,113.76535150574725,108.01482925964011,101.08711103542396,101.72241236217816,103.21968487633146,105.98709102301765,107.96977536239375,109.00771585414962,107.84885183740113,109.71441424527836,125.93574472317293,136.34455836698112,133.118695518595,126.39787628044114
207,96.79653067340395,103.65291587078735,110.49357214030188,114.13343225472018,116.51032590914905,118.82113372629195,116.461993493784,110.77686558398065,108.14260101465968,106.07911767564278,104.55829797004124,108.13677536072906,111.76092918749563,106.39353850025482,98.89216521361232,103.65305933180963,112.35667797279399,109.643926525647,102.97812140653181,102.11579821049799,103.490673094836,106.04374106245191,108.18643683017403,109.42754545498703,108.70210088658692,109.97438623363176,123.32403351116132,135.0356931238229,134.72070620661557,128.85025329997745
209,85.29942046201955,83.09031614245205,81.49486033446505,82.46908498450603,85.65265348956535,88.03431937882198,89.01465374745962,95.61554582232947,100.51759433078712,99.55880338868924,102.2563593623739,105.1907168227671,98.12257226114282,89.2502077133027,83.43258773128576,77.27487651665942,79.02604071607061,82.61932026685169,89.05208913284794,104.66020708046689,126.79031716404225,168.12495086831788,174.22574345328368,164.83947374755414,158.41726720665864,153.50041431091404,178.73871645258288,183.12035134425744,176.00279503690325,174.64400325075192
211,91.67808665494871,101.8478889909589,109.48866787186856,119.14794679105708,125.2093749351383,118.3783038304087,107.62841058192802,98.0916773611652,95.7109104652458,99.8724179481824,106.42991746997808,117.8269550303931,126.46836388255008,132.24700480918835,133.60309567548163,163.62905198688932,181.18147349740323,215.44557015426687,221.6878399092824,211.90593451483227,198.114931699682,184.86767267651513,185.83319118742955,179.17328369347698,182.03761801577588,191.58675262050653,188.24304942773674,165.81777125673062,144.8258516893391,129.25239697033533
215,351.73855555555724,347.2902592592559,923.316814814816,451.0659629629619,374.5039259259297,477.0467407407366,760.4105185185182,2544.050444444445,652.3408888888899,497.75170370370347,787.6655185185197,526.841222222222,466.34862962963086,375.4820370370351,325.4143703703689,296.1605185185179,203.41855555555932,203.10640740740615,158.59055555555702,153.7982962962957,134.75803703703727,117.36129629629272,107.52111111111259,106.29966666666584,100.76440740741018,87.25955555555619,87.79461728395006,88.32792592592382,113.44281481481376,98.68007407407323
216,291.58596185563016,282.2440724117346,356.2865604218873,367.9769919226242,334.1015286616844,342.52457940138686,498.27390738153395,782.9570694063865,821.3122727988274,716.9828548874897,641.5988507709975,616.4979445573417,639.0858090715744,663.8152970604964,599.1879579651521,523.694775097618,464.43253362627513,410.58945186178767,379.45862708890013,336.12104879572405,298.6564146539023,264.42817597168454,235.23860809736996,217.38603192727916,198.70822960172453,179.82034884813757,165.93311362051062,159.85742745098622,174.37018145283923,217.39030511260984
217,712.5547140538401,735.3924578744245,1158.8699136390287,1635.0983789500365,1139.999853810674,1011.0212688463484,1205.3904970951614,2693.6753680235884,3307.6169729544595,1766.8931971764964,1717.1453463477633,1693.713168034536,1452.4787249626088,1408.4182363993673,1211.0854210313416,1056.6607881363225,926.3643139298493,807.6975322502058,744.5778567592953,653.9122302262631,583.3464005519742,518.013786670817,463.6428874048965,428.0584493333136,403.52088755462563,374.21715064468503,345.6989843207426,340.0425588073524,397.0465137111711,463.31168587531704
220,56.35995802918664,123.79299230839229,189.2159459066669,154.26648517806564,124.80660591913875,110.38900452537106,190.569474093672,224.93728557466642,193.24825400051355,225.88207138842523,208.3024028837974,172.64671215021724,137.9034344236839,111.55932831740336,97.03048089018912,94.60696549996169,88.64524939430089,77.39879290666018,66.96683426005718,59.05873420772991,51.46149091774315,44.67574966597547,41.728544582698845,39.606444635876834,37.51690854965423,33.89282681655317,39.5746372636538,63.3401329582269,100.79039400989228,87.03365461776167
222,500.615420159683,505.8043254473089,481.0004082949333,447.0254759078502,423.22780230683935,427.40158838562104,464.9963785117966,515.7810235917258,564.5005017444673,609.8214047872447,660.1090749561796,695.6907266380788,728.0996565438825,765.6062478475199,838.2178866245561,898.9201184313944,946.2885761394919,958.9652647126421,933.5132897820603,858.4772205693605,758.4708040584655,666.5263974557483,589.3713776627495,525.7570454898889,473.571265976317,431.8817543904132,406.83639442881747,455.0986950108632,602.1455747132256,784.9313088225128
227,546.6360670138687,557.4678816357743,559.1009112268754,546.0672741512661,537.7003037423216,530,530.3333333333334,522.6330295910117,514.9327258487339,510.59939251540055,523.7003037423216,539.4342445602088,558.5015187114294,569.1681853780486,579.6360670138687,587.137585725298,596.504556134288,601.1039486496885,609.3363707561903,619.868489120372,636.6330295910574,646.0305996527981,642.8960513503115,628.1621105324243,608.4618067901025,596.9296884259226,602.131510879628,634.599392515448,675.1345483024393,702.2018224536589
228,602.3430441197357,620.8277536859887,627.0159411924335,624.3549893020355,611.2333892634496,601.6187336693349,593.3773148148238,588.0619484455482,578.0190521106351,570.2220777005767,573.6380842158497,590.7500179623464,610.1459958172967,626.8742038965989,637.5268730774058,649.1318803417348,659.3950817241957,668.5937308031164,672.6393310233317,678.4892571309476,685.1748134243318,693.6378764146242,695.2575601015891,689.2977260191685,675.9092441631307,664.3829944894496,668.0093866415903,701.1985319122923,766.121220360736,819.6993088187564
229,833.8923120476614,834.5941898790953,815.0346854132306,824.7822126831685,845.8171498989379,877.8843355742874,914.768030570148,916.8367348355075,941.8598970916803,957.6136211426178,967.5016786657739,969.1788157068916,973.0898513240127,971.5146498916713,958.8862242938767,948.1522681736453,956.9828919965066,997.5550180996999,1059.2639718168273,1143.6650193419468,1232.533241012038,1298.222734943456,1345.2498320044665,1319.9965915274831,1317.1033608209666,1360.9426342127485,1479.8918521848486,1564.0085595544026,1554.6022390603778,1522.8394728800372
230,841.4381733283469,837.0111278449272,823.1424833546635,824.3387536516586,842.138720688783,871.1154758689771,906.763710701911,918.8935383247778,937.4328873669633,956.1049351999833,967.8968551826312,972.0651574198988,975.4217178467967,975.5021031649931,966.0638550876779,954.6997558142684,957.8110265481722,989.3279022084907,1045.2683371215542,1123.6930323415647,1211.9643367471504,1284.9115669079035,1337.720577028339,1333.259618027715,1323.7735079714785,1354.3236823901448,1452.3773106652077,1547.371641571616,1565.1771532044684,1539.7344141159701
237,222.13325282223457,156.5151823457632,152.59285555110813,139.864013743116,129.57431975649877,118.54044049877939,106.4677194856202,197.62190011458432,522.5530984125031,466.8640465830323,282.64701089082143,276.55243583806686,250.39565922958343,227.8242485006574,190.39860393852896,217.43812269594997,268.49457433177616,567.5552937994067,715.187078615931,436.577930429043,332.48452154681206,274.17090580302306,231.9359379778593,211.79792523207894,219.36797980820458,242.35391121065183,240.803889128685,223.62036421276963,193.89040205368875,284.48719926313424
238,229.03339988285322,226.10564962843424,190.11716972619666,182.1551090470939,170.4093223942383,160.3281874887422,148.3839300533072,187.78900830565402,395.06813083576014,530.4090099922065,410.32783867581014,314.3679837033323,297.255644733825,273.3793069262389,243.80755601404906,238.55155877835452,277.57056496386235,453.6459681322538,677.6178910132343,612.8183018558351,420.5704415046099,337.7264170471481,286.0188822182212,254.15353718554454,248.53324783960545,263.7488735400217,274.2732937252356,265.27747437907163,246.92173473043928,280.65112988757073
239,278.4028895722888,298.33613962476204,276.5340798871597,255.25822054216593,244.94924032310922,235.15293986431442,223.38805099385706,236.85747098255968,358.7304864552638,531.4253770553305,538.8087165556025,429.2412307889525,370.8068170185785,351.25090949733,325.3479735893018,307.81301533015994,324.6387648655516,434.1423028517536,635.3697417425161,716.2817065086372,586.0329793117343,445.33072991601847,375.2974241814545,332.2048835966741,314.73898994008124,319.41666491241745,331.9143320524041,333.39233958458215,329.5307722476333,343.558983866861
240,289.1741901218156,313.8023916983131,335.5432554549569,324.3225307069371,302.44844424015474,290.69714863653263,283.02476099988854,270.96344963741126,278.1755295193586,376.5290205828949,538.5244404603167,579.7897011063731,494.89023929701074,425.00290363852605,397.33185729315096,371.42029754124627,350.7476665474788,358.65945453343926,449.8660405324271,631.107179501369,737.5795449323576,650.6454884499857,513.9455410179298,427.2218078705705,379.3093111296289,354.86600977410257,357.9826412376352,384.2717207648968,394.26635167512467,398.47978636877247
241,123.69267599693141,123.04604268312602,122.26492593674392,121.86348973531845,121.90637193745104,122.70523014274599,124.53350069449445,127.13630379507512,130.21054954446728,133.58070501474677,136.29108819838945,137.56973118083158,137.81904566244464,137.45332499566797,136.0649708994101,134.5171685049773,133.17720947633546,131.39799406069346,129.46559728909062,127.71239577598458,125.89968537085394,124.4081472162597,123.60516209582386,123.43648367374031,124.00207710965205,125.49836340030461,128.2340687725598,131.53595591289238,134.93774611178634,137.80670225740775
242,297.8963475492294,316.76219660513084,340.0917031808551,347.4697656450771,331.17339881595973,314.2714403947944,305.27011020751195,295.30725908911825,291.68480928960037,340.3008168686646,467.77948463560205,574.2200113097567,557.7794743593066,479.444731887616,428.90043070504606,401.5105008431553,377.4497689779908,369.1854415162225,415.67302242927997,547.7992324394822,694.9665992405704,712.5270873316438,603.5037885843777,488.93294240500825,420.31057269394086,382.5080652787199,371.90110354674414,391.7249444320706,413.0011096982978,423.09416115663294
243,283.7175512842831,292.4944665391631,308.24029227352213,328.4742809792209,348.2863855429423,350.866959334623,335.0476161471763,319.1262524035294,310.36899771362755,301.4190352900324,311.5662042319852,380.17944511198635,501.3929352565219,576.5459781673824,545.10224393186,473.2131295443545,427.98338135068474,401.19016236892776,380.960842572866,386.2809116651217,454.3477095826243,590.9777363143577,705.9816266601644,693.9526394384781,585.6131498490589,483.0436750566067,425.1794588242625,395.76452669757776,393.37474205696424,415.9850174986272
245,2252.6295763038183,2277.6861866699105,2312.433241287314,2368.1572506242705,2435.608709898568,2496.7833851034065,2522.182951012615,2515.294793861234,2524.298248139711,2569.248992075413,2665.4684886103155,2822.0087083815242,3001.887301603181,3129.5263299323,3157.7148438395343,3096.8864111685134,3013.382618627194,2964.321789380553,2965.5718752087278,3016.8367788884248,3136.4087688136665,3346.509532411732,3576.3425882392385,3719.030327976605,3754.816145047591,3707.8948636800105,3684.690320444625,3677.747757101548,3727.6674136203874,3853.39483616042
246,2735.1894533012983,2702.3238046628,2722.4682625325086,2748.765674618178,2776.6743000321703,2874.52462647671,2961.2615952160286,3011.77143417748,3049.265095089629,3060.2682079117917,3063.3616154383594,3115.310547263538,3184.7972897126087,3310.6808531640067,3505.1833584520937,3602.614378433182,3615.829683419194,3571.8474949574593,3480.649089364994,3430.778997199484,3433.5157269429997,3491.847213456326,3624.073362582038,3849.084308896153,4121.920751422662,4310.965555416347,4413.305862522604,4408.271941612109,4397.124271411701,4453.526259596401
247,72.96439064780824,73.47174740374788,76.08215682968903,78.98054578619198,80.57971086360219,81.43571604364402,84.21372279671799,88.34174420130041,94.69544983512444,100.26956169030542,106.3680493470279,111.40193657044128,114.89985674268272,115.83696007365559,113.70038802391822,109.06435069701112,100.88142992273491,92.27943460230568,84.89035361113893,81.45291402162651,81.3193025417748,83.41688156267587,86.42418402657344,88.22349738041686,89.90768541024013,93.52370676787154,102.20060028556736,114.78546195910184,128.76338133975733,135.53304596220528
248,76.1628589944677,76.38568523259147,78.57836857018192,81.52471833911221,83.51487407070744,84.59209673254276,87.00457652621076,90.96594079137195,97.02618633930781,103.02589254367047,109.245684508731,114.75405945486347,118.78073989814501,120.39683135805471,118.9402517934946,114.73720899494529,107.10234233905697,98.24910466315718,90.2509830128592,85.68336767605179,84.71826938718033,86.34486333744948,89.24919824167647,91.42497709908734,93.20764999135129,96.49036938194384,104.26115566516577,116.38987527951774,130.5980347267758,139.44993931509617
249,95.30206147276398,94.82999340104747,94.99939507715926,94.25384905271336,92.3055356775372,91.07105818204477,89.34468974563235,88.94526888730557,95.84129694077956,110.93099105761411,135.05585250378238,185.16788755168346,195.58717979556894,274.7521210283377,281.685771531814,267.6142318197237,290.1317833355442,346.75467480767173,336.1568733508508,314.9165546803663,282.6070951981212,239.70945000654478,202.62339747032388,173.96110212008836,155.8125029572665,144.27167933197913,140.06731614858103,143.6018655366718,180.9469745962983,386.32231973891805
251,20.503581797445097,20.237538856303377,20.351759652979922,20.501126249659176,21.097758391493127,22.310319645957577,22.79845666307009,23.854636695424688,24.332991478631243,25.11020534018418,25.226617553015082,24.278234644629677,23.28386653943444,22.431954770116057,22.07580732064222,20.472382931594915,16.863558539567748,16.403886715056125,16.011253493553973,22.53713582482581,32.4937997170124,38.87594675805317,49.75801226278236,52.795641164337525,54.79843610438767,55.649384615661766,57.30241643509849,66.88405440053609,68.50916624257107,61.7917588113945
253,166.17517122711715,168.1755864944504,169.5859287704403,169.52373159083098,172.595520946571,180.6524373152899,187.25882117614566,202.50516156310184,230.0024545859238,241.9071622692548,235.99141836509162,227.32671539371051,213.6773546333952,199.1961305764302,189.75004596951138,184.1690668139423,183.04248707609378,186.6021749132562,186.04560708502956,190.56168684997522,206.88334161873715,218.2008596489304,237.62382494204627,248.65069471718255,241.47741187496968,231.99836088802738,220.4204473153453,217.31954041608415,233.6008107503402,268.78633410042
254,1.89404,1.8817999999999997,1.8879199999999998,7.597919999999999,12.37192,16.21384,19.0298,21.51656,17.96484,15.136120000000002,13.130199999999999,11.98704,10.671240000000001,9.46968,8.31708,6.989040000000001,5.5753200000000005,4.58056,3.7038399999999996,2.96916,2.52912,2.184,1.8960000000000001,1.6939999999999997,1.5459999999999998,1.386,1.2899999999999998,1.182,1.1224999999999998,1.04
255,7.8307,9.9941,12.55768,14.322460000000001,15.68804,16.05402,16.020400000000002,15.18738,14.354560000000001,13.12194,12.08972,10.657499999999999,9.62548,8.793660000000001,8.362040000000002,8.5317,9.70304,11.875879999999999,15.4502,20.225800000000003,26.401400000000002,32.7768,38.95219999999999,43.9274,47.5026,49.2776,50.2524,50.226600000000005,50.16375,50.06733333333333
257,268.94128767451747,272.30797030373475,272.7111473601604,271.5944084812195,271.2841615202565,272.1591284818574,279.0457124184264,292.5215284660016,319.695815615141,345.10519923248484,361.0793375130688,356.1938116321081,342.0325818452831,324.11018571586754,311.8441917637332,301.78925977275924,299.25996052954156,302.44999837241994,308.8123778006559,321.42759093324764,339.9329104342846,365.9787019643414,389.98994054010996,416.060222195738,424.93632899186946,426.61584884237396,426.68600449667724,432.7121095573634,445.35290457965897,477.47659900283645
259,40.90807777777777,43.29536666666668,43.482581481481475,42.13375925925926,47.13225925925926,47.403807407407406,64.73917037037036,58.70516296296296,60.00911851851851,70.12335925925926,73.16342592592592,73.96275185185185,65.92774444444446,56.231700000000004,65.11445925925926,65.2286,68.64829629629628,62.11125925925926,57.153925925925925,56.99651851851853,52.65029629629629,52.46048148148149,52.998518518518516,54.692962962962966,67.99851851851851,71.11525925925926,69.57822222222221,63.231,70.11525925925926,64.34674074074073
261,82.14790789055917,81.91705705620103,83.08005425963368,85.77906367004896,88.4902661675304,90.2041395118615,91.99649351531764,95.30841066467275,100.54724208731054,107.01500206821572,113.56792907748643,119.90946115755803,125.13217436969038,128.3272107113631,128.62614732520413,125.78182908642538,119.66028463060766,110.90461645171212,101.80174908810818,94.82476156523902,91.59777782598277,91.76645780961027,94.10431185476008,96.87431141974778,99.03266320695991,101.65694243282701,107.29238003200459,117.66870614155228,131.65604839712012,144.37810316595542
262,35.04992345679012,34.23129876543209,33.67072345679012,31.653358024691357,28.825774074074072,25.704980246913575,22.264408641975308,18.504759259259263,15.193850617283951,12.897164197530863,12.098934567901237,11.711198765432101,12.882071604938274,14.9523024691358,19.337681481481482,25.642846913580243,35.71860740740741,48.36897530864198,57.399506172839516,61.626024691358026,72.55933333333333,82.81208641975307,83.45527160493826,75.76358024691358,70.38516049382717,73.78606172839507,64.10517283950618,51.47675308641976,38.826728395061735,36.619000000000014
263,33.32423937592594,47.83495721049386,66.53044243703701,61.162942476543186,56.955740298765434,38.390296311111165,34.541568640740735,33.189485436419716,28.21017125987657,25.622198125308646,22.718531985802507,22.39237503148137,21.954228085185164,21.608169298148155,20.046654890123538,20.661240432716024,20.91619425617284,23.343165932098778,32.70068133950618,47.29724080555552,58.568075283950584,88.75072772222228,224.0976919351851,159.08483167592593,112.51234366666667,108.81077132407407,93.31712419444447,83.53789681481491,67.14072254629626,62.5106284768519
266,4336.559983901362,4302.155250701936,4277.34022346115,4281.392498259324,4220.8189126653015,4218.5248173951,4214.386783846861,4237.527854204965,4278.5294598534265,4369.602257185525,4472.471426686889,4610.2625989179805,4719.989404523052,4829.766014055888,5006.088294649754,5255.575946199984,5566.5722217788925,5850.608865164005,6069.714906662106,6221.604021435207,6269.164726524169,6085.621275132832,5899.082551931812,5735.459726386915,5621.253472758557,5594.078201297011,5637.400598447875,5839.219501639046,6092.267729598954,6223.4479986409315
269,409.4018835978824,405.6976084656154,402.2932592592574,405.7698465608451,409.2699259259297,412.7838835978904,419.61043386242557,428.4826349206326,440.7150687830626,455.13446031746065,471.70742328042525,486.6214497354492,503.01021164020625,515.1966931216955,530.3393756613782,551.1268518518522,569.2520634920633,589.8833597883586,610.3019365079361,629.0280634920633,645.2304708994715,655.2664232804251,651.2696613756618,653.6070687830714,651.0293492063486,643.7957089947074,642.8524126984145,641.8811975308663,640.0451259259246,647.8548888888902
270,141.7224379430105,143.46688060990743,143.01261767307383,143.8272954482184,160.08814945798449,160.15879218071467,173.01341550199078,213.2543103900751,218.47884627099185,201.86398598054305,198.9722914193274,179.88384906192493,168.11622901863635,158.02743910670236,154.93598619404082,150.45551508249474,160.70922824794215,154.49189623013066,149.0010788595,184.1574682290942,166.68513738221992,207.72121277428974,207.44910067732076,193.62943963165804,187.05673952801556,165.77120293282238,160.2104934800721,172.3550822936961,216.45579007975027,247.94430353318458
271,1017.3164053445048,1007.1151553020603,988.1119038083584,971.5349486302375,955.4853372541456,942.6193735351351,941.0162608155792,960.2367694949185,991.1564850525497,1015.3739885506823,1044.2250983265938,1073.5369508883132,1094.1891179697968,1087.290785821065,1094.1087387602965,1084.4034604208127,1060.6523555560882,1038.7608435518787,1035.7089590607206,1047.915563916224,1078.1300400457758,1112.9509090075564,1155.0351663800648,1181.2587193399888,1200.6096907159429,1213.3601014400456,1242.9352452376197,1263.4777540208934,1300.9646743822034,1332.1527880531971
273,397.1086507567426,390.9789335215397,383.3435243158693,377.18018195642014,378.20185929281047,374.04746941222925,372.4784927794395,376.75168849013426,387.86596163564604,400.2136293987348,428.76428860645814,457.3938719669689,475.63197731801654,480.4579077404288,473.0440996644183,455.6373315408057,441.2454118234955,432.6083152081289,429.4448700311054,440.87538380426827,455.6782391532205,476.08512408895626,501.1538344119191,532.0896635078439,561.5684854487038,596.3672126276329,627.4659646429645,649.4584476682638,660.3452637347632,672.417482862426
275,1881.9489028552211,1828.0540722586536,1786.2209183127648,1774.4457953713475,1778.3001428118887,1825.869441573943,1845.9263130458203,1908.5714801792328,1949.7795594645984,1982.0063391454596,1987.4623635699425,2011.4533793410517,1977.5074649757491,1943.3974537136778,1917.539063022885,1898.2797409201453,1875.9972046219107,1885.0038113732203,1905.8119743948505,1948.834382924531,2028.994366863801,2148.272252952833,2298.8833914015304,2468.5819235051144,2586.6621269699567,2724.9616281533663,2824.9501960354482,2878.074562297823,2919.445505310234,3000.244104973167
277,147.85650104024762,144.4410515036914,140.03111465764565,140.0574672488976,137.90158157311237,140.78689377301419,138.6449290602915,141.19105651765162,140.88617803558475,138.1098602660707,133.18738591711644,126.16865294153702,122.066874280609,118.02121386730744,119.22536358666014,127.3211585250545,135.00587888845996,142.26547312141437,142.30872543372777,144.72832508052298,142.38063196643876,142.75014439911777,143.4328398350152,146.1558578295582,148.86942626801326,148.88574657422222,149.23170938515656,146.9032462295737,144.58128409599817,142.24926476164757
278,87.25448222222622,90.38427333333544,91.93423481481783,93.28537629630024,94.45571925925782,91.86497333332912,87.49640888888823,83.13164444444104,78.97359481481331,73.41590444444253,70.24449555555624,67.28126444444493,62.54068000000193,57.806915555552635,55.10812888889177,52.64987259259262,53.0961614814769,58.37227851851726,63.85585555555972,68.90139629629614,73.72040370370482,78.35057777777808,81.66865555555587,86.30986296296035,95.5185074074083,109.29287407407394,127.83191111111425,153.57535925925836,166.87737037037024,181.41485185185013
279,127.52241574012615,133.43158167708452,140.16464627139072,145.60145838377565,151.19872560699986,156.00624929708215,160.5123045271039,166.27000793400788,174.49711636574744,182.24040487052235,190.86220852892072,199.4127946313055,205.92684713234053,212.31832436125637,220.2776983083526,228.74591921253682,237.2997808585269,246.11007810294092,253.0647609325875,259.4050790454683,263.2048491937198,266.31262106666975,269.17860023136075,272.04688796048856,274.36320465323087,277.01819526199637,279.7524189702285,280.44926443579374,281.6723800197428,281.68965561639465
280,268.01036041946503,270.82237893276664,278.97884503241863,279.5686990486701,279.3896085983919,270.9170945107088,269.6396058358048,264.8858365119013,268.75450043830625,263.6928460935851,238.17712115771485,214.76797133621406,209.45373151544626,215.36089990717204,207.46870195947852,199.56009914082892,203.44354762530406,235.772494882285,284.0865151046568,322.22705044248573,337.2243099587325,333.25531007486796,351.91817603675594,389.6262826122625,480.89174805423613,570.3411387195354,633.6094423857921,619.2236418098047,553.860530889961,511.0958091333868
281,69.99426666666666,69.53495555555556,69.67540987654324,70.11165061728393,71.57942222222223,72.97069999999998,74.15582098765435,75.80457160493829,79.61448271604944,84.46642716049378,87.61037160493827,88.6747358024691,88.53723950617284,88.44945925925926,87.16260493827163,84.33874691358025,81.01574567901235,78.27381481481478,77.19356790123459,76.11332098765429,77.2321481481482,78.35030864197533,81.08883950617287,82.16808641975308,82.70754320987653,81.08617283950616,77.88267901234568,74.67885185185186,72.13055555555552,71.37742407407401
283,7.985414814814893,10.399770370370211,8.7642,7.128529629629788,6.418885185185317,6.287944444444352,6.273744444444352,6.374185185185317,6.243244444444352,6.344785185185317,6.214844444444352,7.1264703703704235,7.806714814814565,10.223070370370541,10.094129629629577,11.005755555555647,11.68699999999979,10.991855555555647,10.875514814815011,10.18037037037021,10.179670370370541,9.369885185185108,9.253444444444472,9.368485185185108,9.368885185185107,9.369185185185106,9.368485185185435,10.179070370370214,11.684000000000118,15.039781481481509
284,409.65907126605833,851.67022720333,1216.3097889465662,824.1233949906779,581.4433922547344,725.9172032899185,3533.3761182029757,2763.3174886422803,1478.2747069540712,1329.9499447448954,970.4487917775576,720.4119642349358,592.4332671761475,461.49357937770185,397.337319244346,360.21504356659875,337.38275172533,297.1411081673491,256.0535460542456,214.78347234772863,186.30414183997937,167.52140981220168,153.28447397067274,142.78897177486536,132.07936725776577,127.69895323232188,115.3317431222738,111.25924455654497,114.47680999962654,133.4326397764005
285,6687.038242052467,6573.355473333333,6411.765730833334,6261.830508333334,5940.301390833334,5814.951111666666,5624.097675833333,5406.929636666666,5307.252440061731,5254.933386790406,5260.142522808967,5345.258464413904,5543.351279351895,5798.115163333333,6207.084208333334,6674.7913023148185,7640.687519166665,8884.566696666667,10072.709892376213,10920.8542295058,11915.029376820614,12887.635705524195,13407.65729867239,12839.940126727892,11893.665122036977,11079.778391759202,10521.22040648148,10108.801143611114,9830.90313009259,9683.98243625
286,34.0228765432099,33.43800000000007,42.98429629629631,39.11855555555562,35.980000000000054,35.136197530864145,35.378814814814824,34.70443209876534,33.10137037037039,31.777962962963027,55.04548148148149,88.26770370370372,76.81499999999997,71.31600000000014,67.38181481481476,106.83088888888892,98.13081481481473,86.83018888888897,77.13514444444446,69.14570370370369,61.63774444444435,55.71684814814833,50.56999999999986,46.20555925925931,41.807811111111015,38.28033333333333,35.01774444444441,63.5829592592593,105.20000000000009,92.24659629629626
287,6948.892209285618,6782.403320022502,6664.263669895833,6500.876254895834,6338.894904270835,6023.631017534723,5892.64504267361,5697.388037534722,5483.597523289608,5385.09684580506,5335.254127365259,5345.088895468437,5437.9288486474325,5642.262611184454,5909.679665208333,6328.218571971451,6831.392625516979,7827.813788229166,9087.464184358263,10274.356664571422,11143.725341847614,12151.813052275847,13113.480794220177,13579.534499656178,12981.633805421325,12028.48076466429,11216.726772928187,10657.977404695215,10246.93124443673,9972.253248265817
288,1203.6695738892306,1222.8108713612876,1245.1620499908443,1272.8259387808848,1298.722535700196,1328.8906526709432,1356.2317452961897,1377.2602824540488,1394.6129862976488,1415.3862626709088,1427.091906144586,1427.8034278395055,1434.6120425223228,1442.3209696506146,1467.0472445666212,1501.6567786216922,1547.384283179924,1586.2267659007048,1632.0911363298337,1691.1341188400781,1772.3650152297243,1849.8424443470792,1922.03502150817,1964.486615913861,1970.2888136270947,1973.7216382956965,1962.7212199554026,1987.6283598089685,2027.8899260981689,2060.643715132057
290,310.9138395061728,302.66428395061706,293.0767654320987,281.02098765432106,268.9003950617286,256.95848148148167,248.5292469135803,245.2536666666667,244.22158024691362,240.03483950617283,228.515098765432,219.28360493827145,210.17244444444486,208.819419753087,203.76027160493877,196.4989135802463,185.01796296296263,177.4174814814816,184.07388888888968,194.67648148148226,203.06035802469117,211.92620987654354,223.0288888888889,237.2154814814821,248.77470370370372,265.11829629629636,289.68444444444447,315.7234814814815,335.7244814814815,344.3131111111111
291,78.172,81.172,84.392,85.171,85.751,87.171,86.171,89.171,95.18113125,99.16086875,98.171,103.19126250000001,109.18113125,113.14060625,129.171,111.172,105.172,102.18213125,115.172,147.16186875,140.18213125,164.172,166.172,177.1922625,186.14160625,196.172,178.172,157.17299999999997,145.17299999999997,136.18313124999997
294,113.2289590547542,112.65113020786035,112.35467680162252,112.50160128119992,113.46893534836248,115.54702149626284,118.10022854131347,121.0677705882821,124.41626219206431,126.57863360983325,127.22347523360631,127.24142312248915,126.8837410819712,124.91126494709437,123.847911001507,122.58151260773948,120.68561680663618,118.94018543706342,117.45053669099018,115.56885526219685,114.43756979394482,113.86713538265886,113.88076738845335,114.61258147465372,116.20711651629473,119.33834383600262,122.27236307116794,125.69702714851508,127.8734068767848,129.94066242613036
295,68.11686419753086,68.71066666666667,70.48965432098765,72.19456790123456,72.70503703703703,72.19235802469136,70.43430864197529,69.44202469135803,69.6843086419753,71.56856790123457,75.75683950617285,80.26301234567903,84.05313580246916,85.1410987654321,84.18122222222222,82.90498765432098,81.084,79.03958024691359,76.16182716049383,73.69919753086418,73.48811111111111,78.53474074074074,84.03386419753087,86.10827160493828,83.34659259259259,79.3855061728395,77.45716049382715,76.43622222222223,76.38475308641974,76.47938888888888
296,33.48835802469136,33.34483950617284,33.85718518518519,34.21212345679011,34.07169135802468,33.87879012345679,34.190518518518516,34.66428395061728,35.226012345679,35.71366666666666,36.702864197530864,37.89301234567901,38.89334567901235,39.41716049382716,40.02397530864198,40.40702469135802,40.04933333333333,38.72746913580246,37.35930864197531,36.68250617283951,36.66123456790123,37.07702469135802,37.92028395061728,38.63391358024691,38.73180246913581,38.10438271604938,37.19951851851852,36.55854320987654,35.86785185185186,35.578833333333336
297,270.1799553311879,272.77417920314195,280.55474020787426,281.7740389158393,281.6575522707426,273.8017726989456,271.9202026483269,267.41472022819835,270.60262537084975,266.23722279651537,242.20593085908348,218.43528475587152,211.58324441709877,216.60995883039163,209.7933413274447,201.82328586954353,204.7639113048549,235.00313046095647,282.38455772787074,321.67214040312945,338.7027952263351,336.2699138168221,353.2149586027658,389.6523759422973,477.22875939501574,567.5460837247169,633.4876742412034,625.4019853787911,563.7275996223495,518.7542383216477
