,2019-10-12,2019-10-13,2019-10-14,2019-10-15,2019-10-16,2019-10-17,2019-10-18,2019-10-19,2019-10-20,2019-10-21,2019-10-22,2019-10-23,2019-10-24,2019-10-25,2019-10-26,2019-10-27,2019-10-28,2019-10-29,2019-10-30,2019-10-31,2019-11-01,2019-11-02,2019-11-03,2019-11-04,2019-11-05,2019-11-06,2019-11-07,2019-11-08,2019-11-09,2019-11-10
1,50.383940742767315,45.22836638588253,40.01995892538634,37.37141316928199,36.043800702804376,35.730081467428825,35.5365102947333,35.44463801368226,35.273052132746116,34.990107249329746,34.463827574425565,34.030589471562465,33.5477423205992,33.000997257287736,35.79857835069813,38.374562895607305,36.60954089854474,37.541410726568905,37.76455905544066,43.118497298801955,49.83854598368607,49.42924160745267,46.879630989469526,45.62705375522282,43.67179529245737,42.40039227313965,42.20055207129988,42.33524472247938,44.660805698464834,49.10779036281784
2,50.383940742767315,45.22836638588253,40.01995892538634,37.37141316928199,36.043800702804376,35.730081467428825,35.5365102947333,35.44463801368226,35.273052132746116,34.990107249329746,34.463827574425565,34.030589471562465,33.5477423205992,33.000997257287736,35.79857835069813,38.374562895607305,36.60954089854474,37.541410726568905,37.76455905544066,43.118497298801955,49.83854598368607,49.42924160745267,46.879630989469526,45.62705375522282,43.67179529245737,42.40039227313965,42.20055207129988,42.33524472247938,44.660805698464834,49.10779036281784
6,315.1635476408393,321.56100112441425,284.3443060641742,246.94171827993773,218.95971346654946,202.54805150798674,191.63591077988357,183.93724102154633,178.92138332694438,178.21659080278562,180.1930028046485,184.1222957296069,187.9086656390212,194.68695295954186,204.38618962707383,214.71112053855617,226.28553468065448,233.4822262922578,255.93584060444232,284.4754235759612,294.21682843632686,289.8358532166767,290.78464887566486,293.92411910578284,283.3078071500983,266.8930700209597,254.40116441876359,314.9707388302388,295.9698536696949,328.0327228375641
7,299.3871145291522,362.21862661588835,364.56491186244097,325.1806951373408,282.85597466431125,253.37287070680767,235.8168210635011,224.40735602104172,215.68029627305282,212.74185708517788,217.80644132529758,224.17781588263898,227.7059295568336,251.0919962516848,252.5820725548717,251.0428294878571,256.5804386527457,267.00064065612673,279.2974482019383,304.2823708624712,331.7887158258874,345.40770722663086,339.3651359223148,334.9485321458947,339.19641708865373,335.5499570299351,322.52955144320487,319.30500831041246,376.43504064027667,364.57770533304284
8,293.89611699472056,354.6901193269776,374.16241090373063,346.4511807097922,303.75764786033926,270.0714116276638,248.71966833184163,235.371783538677,225.59923854311447,221.4104034129404,225.44638631172197,232.43205812021068,236.69825065132198,258.78665289565515,265.4146172897152,262.15941409151185,264.5161605366896,273.2880098006508,286.06772271441133,307.8775742841218,334.590816581473,353.29090588398077,352.5482639880896,346.3981864036525,348.50698395032913,348.82722263275264,339.2864722367968,334.64091043236255,374.13888501138786,383.56037913181115
9,288.5690185064879,346.4925713067222,374.36023476288665,356.2726663679512,316.19294617052935,280.4408129301267,256.38822382198316,241.3125929589661,230.68630949038933,225.51542287341368,228.3781560127808,235.16121733717404,239.95622781631317,260.19135460600387,269.5236466804679,267.251776752378,267.9772508209938,275.31982178144483,287.69087288818304,307.8369472888807,333.50477902604155,354.3007385594343,357.42879267815397,351.8842021489949,352.4329752536137,353.81445717259123,346.63659856823756,341.5654573427218,371.8550108456263,388.02140965016775
10,284.3285311395618,335.14082765736646,374.9214522370099,375.39182564951074,343.0234869996883,304.92636423383675,275.6237023557948,256.63521718253224,243.84353258950543,236.91805851735037,237.97917680412067,244.30728271787243,249.82266871086227,268.9451788415649,281.34227766435055,280.82789252170517,278.9823074614623,283.3022477556349,294.79781846888284,312.32659641146586,335.62539884170286,359.6714641757433,369.6465089544457,366.2247039510767,364.69399715245095,367.6987548729352,364.9699954837138,360.7212750213213,376.2432987037165,399.66473527952064
11,298.1773661583409,338.27939885481345,382.2129952895581,401.0208589779922,381.82951268499085,345.3868741376173,310.8490165302162,286.3183492227014,269.73266757590324,261.03189164383525,261.5513365073136,267.87758329965345,273.5582110865077,297.7584793573568,310.21780382023104,309.2868885768787,305.15449441440023,305.7987924089396,316.43019377203274,332.33196240711396,352.5932445432188,378.99030542815245,394.8516719688916,394.79928433723745,393.34892135362674,398.4855069672025,400.59460017161575,400.90246727807715,406.46340418992105,428.9952284497386
12,345.0868404305833,373.5011415345272,411.6949722287062,438.95669668692335,432.28595867431915,401.6547023559641,365.08347225906164,335.2437943683972,313.29239933488253,301.70222919195993,303.82024406410704,313.38439370666833,320.18690578853665,342.3631081091732,355.4882795754746,355.2901254087645,351.04976215804237,350.1879496019178,359.98546815969826,375.80790971536254,394.96101046922007,420.1789760180301,439.48423259099127,442.8785295183676,446.5871100776285,456.54667896969374,465.57709967030655,473.11735526306785,479.5493222537021,501.06696837820704
14,23.38494346913584,22.641162567901247,20.474078913580254,21.663705309876622,20.659911755555612,20.210275498765355,19.650163019753037,19.71386507160484,20.024469901234607,20.14891949629629,20.85366819012348,19.44170518024693,19.788721453086442,19.277005702469143,19.650938729629623,23.585977954320988,24.783737574074067,25.32802405802465,22.45161918395062,22.395407840740763,22.478665349382734,24.069289858024664,20.46738813209879,21.55873549259261,18.33469150740742,20.3658132753086,24.005093622222233,34.35070521728391,43.246322071604936,47.176787635185136
15,39.58080280246921,37.306902796296335,34.48334429629631,34.74565223395071,34.20485233271616,33.194272449382666,32.335787103703616,32.12779835678999,32.51104326419752,32.80713816543211,33.66666022098767,32.42165064074077,32.10825606111114,31.702849233333353,31.870029782716045,36.50879026419753,39.831360930864186,41.04600367160488,38.06400860987653,36.562213079012366,36.62829840617288,38.46943465925924,35.18983851728396,34.62355224567905,31.521796066666695,32.20762553580242,37.34038204876542,50.86423370864193,66.10084095555554,74.99526907006168
16,40.470977211018585,38.15074383901239,35.353539273240756,35.23404852525317,34.785525105361216,33.81850902154009,32.928134578469056,32.63571392550605,32.95080329973454,33.26223337525927,34.06421986735805,33.063601597882744,32.629054224481514,32.22906782530558,32.32718266078395,36.47657705797531,40.01351001149382,41.509863384086366,39.007718121740716,37.298370716555574,37.169462216370405,38.816334147512336,36.127635612790144,35.213691313314854,32.38234253004324,32.60501123519749,37.25889321537653,49.936715756787,65.18777766402467,75.00839459179933
17,531.9608164160244,554.8912323594568,586.0421752946665,612.7980177723329,622.9848988657479,602.1302863072433,563.5487674462629,525.938214471686,495.4085895221987,475.2690091963432,467.0465216460256,473.50906258665225,485.31195991013084,491.58064958803214,506.82162261393586,508.78173151706034,505.5825063920035,508.92076019611983,529.5639493942479,559.5607656101,581.4778000425163,597.4882375937177,615.2295717235065,627.7693351396454,629.9733844313207,633.4129814978694,645.123717742865,665.5224693530579,688.0873977550784,716.42917759285
18,631.9498798099621,643.1929325962293,663.0295046743818,691.2779848953552,716.1758138954682,722.2653987098479,699.5195315524933,661.5991792249374,622.3537102509007,590.7342673638765,580.248925978751,603.246106641815,641.7882045442808,672.6451033277863,681.5025099535687,674.5208432349358,654.5851226068647,640.6555930605145,639.6525316053365,651.2342180032431,684.8453342018884,712.4850722270854,725.4405065667271,743.1473766943951,745.5896387045012,736.4435154592029,739.2373895422003,750.0444089200232,806.3148798817126,860.5866259940143
22,16.037875425940367,15.866785967983205,15.145534846501553,14.328811601600034,13.676711540487961,13.697849305719908,13.689298241711345,13.317508683757888,12.869485366166284,12.61008436954516,12.575517917612126,12.696738097677722,13.539461204221682,13.648473434735793,13.460140156047812,13.442069095725564,13.427677010389376,12.297487875068807,11.584396696346769,11.586750758725051,11.595799263455554,11.620202616856018,11.99821933808964,12.703536776616964,12.630053510637426,13.319832195739815,13.162317024054936,13.61347187540931,14.057413901448676,14.00232786586977
23,27.316895042364393,26.391627798969804,25.5498591618333,24.950642837445802,24.83590722457362,24.464156939368454,23.57961478857539,23.01859343313602,23.06203234969965,22.87207678349151,22.237697592448527,22.49940744760052,24.754663006153017,29.298502187178887,33.657135112144644,35.607905304351114,35.574810176299465,34.509374343616045,32.62679166110017,30.811337162498017,31.11075405873845,32.6725500758741,34.301639522222835,35.238553808223585,36.51151007791253,38.202293655609644,37.43139998593777,39.732240444158414,43.7037423203259,38.39022969789377
24,86.36145977961637,81.8110978649862,78.90454924319779,76.42548672996683,73.39620834666566,71.79977708157415,70.15125710696724,69.34247774579607,67.95740114562035,68.65076004773779,68.77335346669364,68.17382865686285,67.92833946477589,67.61751201174043,68.57602878097518,68.55562717082805,66.61696336425675,64.38755976978082,63.880102094807185,65.53497850232446,76.49217829679267,79.66360882640096,77.59555381460045,78.18186483961435,79.53094225498306,79.41316312714383,78.92097581298853,99.1120840151768,106.06499016548572,100.51856353476364
25,103.58592253940668,115.54649786884272,88.56133245000298,78.60087567895731,73.9064131887078,71.40006879029066,69.04738961427162,67.46782231878757,65.92791830135742,64.87434966972634,66.98426982529907,73.50624596417651,77.74049363634445,75.86416774179463,75.37206459818786,76.6298180955204,78.82904749625106,77.64406559613965,81.54874492287094,89.2304596041007,91.35083372945805,93.2764946546448,94.76020974613695,97.48467382903064,90.3096327677153,86.72227960648941,86.89921033119673,83.59243089801484,83.8695147140458,93.0534889361404
28,94.57180992715216,105.4803143888617,109.69634474770048,99.13789708791799,86.17209474318163,79.28672395983868,75.75884362058439,73.33684567369856,71.33433787542424,69.70946165752565,69.19774834715587,71.38287137860354,76.03968931434038,79.6955342134546,80.31780003871502,80.09813932146531,80.98578949566986,82.09671959833429,83.07948316559059,86.27068656048651,91.47284393576875,95.5757308958984,98.06425217220048,100.06079620915102,100.15525614103257,96.78568117288792,93.11741977776107,90.9730746099875,89.27171069113577,90.2672146394404
31,344.7287170420048,342.4433681505679,335.07195322375736,322.52540175921314,303.23080824243755,288.96231212584746,278.4171034185692,271.4001380792041,262.62430952954804,258.77659785426516,260.4555646878862,265.49140235325456,272.0332572358054,282.18334167620094,293.1849788860314,304.67728800256305,307.02324112059966,303.69549464704545,300.99627495811717,301.65538785648863,313.9688134591506,332.7385532322973,344.0122232103505,345.9824903686481,346.62110830177903,344.98142386185515,345.06902351731645,347.41643740640404,359.6994911411693,363.36001739170575
32,373.7144192631376,372.84024708829,365.2003299223474,351.88411178811083,334.5987621848204,317.18124414410744,305.4086682371741,296.69425208663534,286.2779077807706,280.7929496204017,284.3249183836125,290.7915822764645,298.6106348101321,306.94712337036844,318.1758358189258,330.2849964822545,336.0628168309222,340.72489352815734,336.3955909381208,333.26071533532587,341.66930671071634,358.4637091591675,371.9166765127309,375.41202097543135,376.20038335580466,375.38599103743337,378.4986476771511,381.4524849091508,395.42439457566087,401.894562956632
33,699.0040240102777,699.7597914574702,677.6552785050394,646.1208612252763,624.9535394165953,591.1424989703369,572.1940539804693,552.3631181184599,521.3845590729422,510.72877671204367,540.6744461974681,569.8096484699348,599.9638869395162,607.5936794013763,627.3778901343338,647.8660739911862,661.3390795275059,716.653607826162,706.5450356512549,684.004417304355,689.0610026685529,698.8025595048924,711.1097751625873,702.6621172867668,702.734628529776,700.4169692922965,729.2061007012187,748.783767684042,809.9002900553137,816.9248616005058
34,1609.713358712746,1663.5142414406805,1673.3597585898065,1678.403589039393,1658.2921373981617,1650.0092589813019,1621.6058452515783,1570.1482509966836,1512.4495845149006,1461.366287976684,1426.6473261683718,1473.9021644410986,1538.0802216623254,1601.5293687719284,1652.9724169352594,1659.2346314861768,1653.314341823231,1642.1504559210434,1659.3419094961253,1666.4278554685975,1675.6305260596869,1690.861677535571,1730.6797800359845,1768.839786375591,1782.8149499177396,1787.5410881849234,1786.0798158251353,1812.5967766150416,1878.7602393961145,1995.7533005215428
47,68.78734555814539,67.05237736005509,61.70445958310526,58.816718052188904,59.40677149286748,58.92779826750146,58.124555684550046,58.23246955050747,60.182776481457736,61.314865273192844,60.83023713098983,59.288397139761656,60.04597453551569,60.6077115552178,59.22445619632711,58.2488065488107,60.13225957919477,60.328624678771355,58.992652389173,56.97095668925215,56.062754937771714,54.31339137735852,53.06347854308046,53.068757050377215,52.055529916016376,52.202946589566864,53.350301874319705,69.48738401614493,96.6548305702101,99.84629356617313
48,69.79357275980215,68.76570070896054,64.13978524039783,60.75723573144064,61.01493454138434,60.7102679017743,59.94806693538639,59.83409754406657,61.271692081496155,62.51925439594096,62.334920897956096,61.117235854548206,61.45678883510745,62.13754486137579,61.11595273047968,60.03997796630559,61.2516231037872,61.778549926567,60.711312207101116,58.84730087045715,57.741914604143645,56.171672057989475,54.78183918670654,54.497073542163704,53.64132915884564,53.54035161714042,54.77114297685943,68.06600313669531,93.02283652181252,102.2581138428232
49,96.52920484553984,97.1029697020714,93.10539222495012,89.75810393615238,96.85428378143108,95.69981744512164,94.56026025758885,93.57600943881819,91.81983897621755,91.93957849607035,91.4857654919144,92.78452305258939,93.90570621409515,96.0421709639308,94.69564737431458,93.35919960381986,92.23564513111427,92.48316297088743,90.93491120227732,89.66836108830444,89.04824924326819,87.68952782776022,85.51990740739285,84.26720056757347,82.43916972612365,81.97090564503785,88.75512461761201,103.87739272764652,126.48773500035551,162.29402481524653
50,134.83111089008958,133.93064830655752,129.53109968165,129.0063151632469,138.58700374077495,138.16854042006304,133.55067533413916,136.7723720317073,144.5051273670011,148.71348821102424,150.2773342789894,151.6706904465156,149.3556315553032,145.95001647770184,140.58959028595527,136.2977595660777,134.03811904462162,134.41648490147966,135.63583086780227,134.49197598930382,131.11424840299776,127.50251844418527,122.628627874265,118.5055681808679,117.91414466147756,122.75401238682608,130.8539115034542,143.02435644920362,166.32613851060492,204.20017877432264
51,137.50862678533917,136.82508149867843,132.72042856384164,131.9641153937071,140.73922662056205,141.40715061908958,137.00656636708575,139.63639730848058,147.54671069912447,152.5050335783125,154.52067901537148,155.97084534035508,153.82683304797408,150.14763342975945,144.65243909201652,140.00982734462937,137.43190342632357,137.53740492628677,138.83788960929041,137.9810511239439,134.6667703499655,130.90024080376645,125.95431691330108,121.54256643870556,120.62464688807577,125.25608573895201,133.20367782518713,144.83113166039377,167.02981115470382,203.6026652209681
52,143.48103148351302,142.84940712297708,138.9023583003455,138.22538140722895,146.6842519140109,148.12713815547963,143.73682382730388,146.23426707395674,155.02852860291537,161.05324624593442,163.71753919679335,165.31235934681115,163.03015580772185,158.6758631408004,152.61929177917628,147.39533497680125,144.4034932667244,144.2703120253993,145.81339672768343,145.23234843104817,141.78456733720563,137.6827184700071,132.40706106277725,127.50442970176422,126.36116973314121,131.25139376827588,139.2980668101122,150.35108487358542,171.7332079185771,207.47921228040062
57,86.52192559592083,79.97311235891522,76.77126806521844,80.4918877367642,89.25399120157677,92.47316777524492,109.21630337302228,141.94723523980284,117.73265454080291,112.12845898564478,113.0806587240488,108.60812221527134,102.15767863893014,100.82028141356956,93.11373706902448,90.38689211977714,89.23327738573116,84.87943463657778,78.94148962943837,81.30128765129461,90.17311387330044,83.3702504068682,73.34960703591214,70.07135858480828,71.95040252262395,84.7646168763022,76.37371572896124,73.47690740707178,89.10058165399795,137.3521897564114
61,369.03085644611787,373.4587436764834,359.9572407893741,349.0442360404343,354.931766927178,364.6296856379106,376.2397740797042,385.6561003103945,405.4776712145143,410.4064808318826,415.911771699386,423.71265661541617,409.84724399897215,387.7165497476323,388.48129380711123,396.7935252515551,384.3806814798725,375.2667031098137,374.288670248406,370.07645984577937,361.9228643607809,350.46091439658477,337.1320013152889,327.1071326557275,325.05388537895146,344.23142875641923,374.11431550649496,389.60648320891676,416.19725254324027,472.4506794966005
62,397.80011790381235,399.4306117917318,392.27014563950064,380.0499917119136,379.40603867821113,387.9808565762893,398.69023972462037,408.8190694222473,424.4786625775832,435.35985909968963,443.92757229694644,455.6769031948108,449.8069501015852,425.1891647567624,415.2990353027075,420.5977485530897,415.6858720586727,408.4133592287776,413.46808070705737,413.9556009766367,395.34484466957434,382.75387269108217,368.37714783503236,356.09386925589814,350.7388190907569,362.84071272726385,391.2807197685642,411.9776876809711,433.5453953477816,479.04189551868296
63,464.9321449314276,463.39952744728896,459.9083252384256,449.9056025390663,442.50721778254484,446.57142801608313,455.6700357510805,465.8125503067574,477.96425493747836,492.0383267210058,509.64945066745287,530.8986701039797,534.2948853093234,507.19538236440764,484.5955299923496,480.8890251892194,480.64820815056936,482.05715436950396,501.50743187582765,512.7203479269294,477.073359992536,455.34336246043136,437.8481996983963,422.0593464593167,412.1927925839663,416.88336489052057,442.20373755430467,466.51399824388716,485.8838578938832,519.2503097232918
71,15.44754320987651,14.714395061728403,14.613962962962956,14.405839506172777,13.933827160493765,14.36459259259254,17.057703703703776,22.13507407407411,26.899172839506218,30.399716049382743,33.59470370370375,30.95856790123452,27.452061728395034,23.10329629629632,25.918444444444503,31.28760493827156,37.86509876543203,39.885160493827144,37.50123456790127,32.05437037037044,28.00444444444446,24.905135802469182,22.40646913580238,20.932827160493872,20.27896296296295,21.109666666666687,23.81845679012337,30.380641975308663,40.11533333333332,46.09996296296296
72,16.662129370370337,16.024344407407373,15.957921489711875,15.587839742386775,15.069802185596702,15.391755836213946,18.176014844444488,23.199776461728387,28.31812478683135,32.3865020300412,35.611428017695545,33.23114276255135,29.276570898353892,24.869506215637887,27.133451417284018,32.44984895637856,39.200387413168656,41.694144405349796,39.636425376543215,34.31111692386839,30.000812660493857,26.696051241152354,24.20113952098759,23.338235562139932,23.247830068312716,24.218416109876518,26.439298698353802,32.56071466543207,42.5418082127572,49.1209566327161
73,21.371996395678963,21.099614835185005,21.339505825822773,20.30408532281889,19.523336645566058,19.647108722294238,23.37257284104936,28.81240982438252,35.244652455041326,41.2537884195166,44.559989485905504,41.67389004927958,35.741654828909475,30.851282466841656,32.79923543333344,38.531089071810655,46.276042206687144,49.46710276056601,47.58653018641966,41.968106570164736,37.00211827654327,33.113765675998174,30.77472870987652,32.591901304732424,34.986851821090376,36.93900769626525,37.732019265946285,43.0792153530863,54.82704076090538,62.79662076973789
74,278.734016468404,273.0623838296646,262.80715816787534,252.62825505882336,260.89623985655726,295.04638799468967,344.25635601398443,386.6862691466811,400.0793493737186,373.69538901399596,362.65197794454696,365.38935009404435,340.01691384762,305.18340490193407,278.85583576222257,265.2509488869368,284.48935201651864,321.30687898782,305.86058771409193,282.8224780879071,275.7040176620439,275.2001808343855,273.9750285467665,275.0054552462194,282.7513513653039,321.79651038342064,367.3010490756543,341.34335168930284,303.50567884811886,325.3881107909246
76,299.0217348124775,301.80922143433014,295.7675664879785,282.0244353466227,279.12876695294267,298.8906661901134,345.8971223371074,394.9056845880357,430.4288952646897,434.62901223027563,415.56015530953835,406.26208270937883,385.03212185024194,352.5562775190265,322.6716239727275,305.6342513621458,313.1363164937814,342.5875325210627,353.95656743903174,332.1797425799116,313.6692031929521,307.06275176309623,307.3285773508169,321.51696579924,338.7335134245099,366.65028554374044,401.90479049175406,411.2958345118021,390.2745274969493,386.36889044341314
77,326.3190323531087,329.3830715359302,326.9130104816707,317.09031470946195,306.79811052244025,315.8566704258177,351.3017329738098,407.8929039662012,459.51237072185774,486.56094813216777,484.11892433997,469.01207566662697,448.0651449083512,411.5645023754962,379.5931780084703,362.44933323733534,374.3599532874384,405.3227919134446,429.12551672519226,415.2057785672506,384.57476333067916,363.43285881062684,354.9716145768325,368.61886062335,397.7316197754422,428.177472481811,461.4224397454489,483.8268376924812,497.9971379311343,499.8586152732173
78,328.44706766421825,331.16013506160647,330.6924814765012,324.2066729849195,313.62548648925497,314.8506335771881,339.0781616528871,388.3625776082601,443.4321165366304,481.272081988983,491.4719753644968,481.3905609842236,462.5528178354108,430.87240409751917,396.9995964206572,374.4439334475305,377.9773845628585,403.8480004859422,432.0061823499269,432.1522760589853,406.38846997554685,379.54817265694504,364.8473381927655,371.69094840026406,398.79105064725576,430.90179252082396,463.1033909411554,488.79096499232895,510.8113534983622,519.6320217140162
81,358.27308920791916,356.38746328680253,354.6763405278497,353.1576831426069,342.02888651427935,338.5001049544166,348.51919669850855,393.56751096091597,455.56972896334815,507.6908343777391,536.9206147542151,538.2445986768097,522.9181890441902,486.12867421772734,452.16616610055587,429.46833442411753,446.6322372487452,484.3362468742899,523.1696695336827,527.4493259592814,500.02500869629614,460.449025044929,430.32057717131727,441.242541312826,491.40933455922925,541.1851274824685,576.7258233579532,596.9849257984779,651.915053401379,686.9466446451897
89,88.98015162612184,80.0902984704677,79.5906454050747,96.305,149.8892239638576,172.9321259878229,220.9259356060452,272.25102681193886,255.26454036218152,225.93562509757146,217.20604264387558,235.4746149794261,218.15444195381446,180.5798639172024,164.21378366608798,135.30068463973998,139.40711950549374,257.95587236921523,226.84092995604053,213.67089767474425,318.3465023252558,310.49764565672695,282.42912093905693,323.4578408641392,546.1471026504374,878.7619488328334,675.8589874259101,660.0241749024285,577.4343272897789,570.618
92,411.73118960347375,363.63240649223343,327.7335804429962,318.5805002290078,357.3631888581157,498.98773595974365,683.3489303903233,934.5050100661026,1190.9837784314466,1224.0641085652874,1087.4469809525083,996.8529614666282,901.3888459863265,789.1549485151378,672.0290330644527,595.374037742615,562.8092824834603,613.1815025158453,767.2075596668036,896.101362855475,1276.5719355890913,1678.9665628698212,1753.6183996981274,1359.656397008021,2045.3255626669945,3045.0490288407304,3964.699337400473,3544.0005413759955,2276.0475639328306,2037.590103489721
93,15.47995417677367,15.97424468796864,14.099376878306543,14.910304647402857,15.074077209319864,20.382824692142858,19.403143354117454,19.073102643921207,21.250516857606637,29.26629502098754,30.784212887972604,22.480335138366804,18.659303153276014,15.393740325017705,15.214699474777376,14.69808003194747,57.70231314563154,37.790218432674884,31.72300935263154,81.47772717271506,120.56604751481457,83.74136988973274,70.33296342891516,63.00307514197082,121.27465561645658,138.6836349885594,95.42142216516659,90.614694280825,86.31094148806244,150.32694045167074
94,573.6096593048578,509.77228253864035,460.21563101203697,426.2684104811646,422.5676319955242,477.64589387090035,631.7161925719697,828.3805639255531,1089.036344518663,1330.7753177334296,1356.7694595169976,1227.5728433101365,1127.665156458211,1018.4091359922064,901.4701551853169,798.0235490507878,756.382431258593,774.0050103998384,836.5073395469211,1017.9755532992604,1250.521116419388,1666.0983709261889,1996.0055891755835,1992.931814445648,1757.9662406083294,2550.604835832557,3551.9176787203387,4259.791484323301,3711.3453671789052,2601.1798689147063
97,140.57378247226256,146.20139672223473,176.01820733333378,220.41986310000007,327.14373733518494,529.7186866258796,825.440349199984,643.0041679555553,444.2509796926399,383.093671809892,355.3333946512343,310.4743870666265,263.48356582656976,211.3563293592722,198.42320859444462,236.5341639222224,372.19052554938276,440.15410150185136,379.6054148629634,915.5677963777313,1218.7162245444292,701.8143012851849,523.4297371333795,756.7040607036736,3961.88204379628,2384.1820180796767,1217.1024465518665,1275.4071532333335,850.8116431684728,650.0433767703544
98,85.54650000005367,83.03722777777662,109.17750833333434,140.6974722222219,237.61028425925892,413.39360555549456,462.511487037036,400.6810092592595,258.8921777778403,211.75635555555542,188.06081111111092,153.21883611105773,129.8688472222754,98.07503888888823,96.2228277777781,116.36422500000003,262.1626342592593,290.1765111111108,213.52351296296402,766.2442370369741,799.3425814814823,403.3435925925924,306.12267777783865,771.2242185184582,3218.8561277777776,1233.210750000062,768.1687888888873,758.6336611111118,462.26871851845726,369.8438407407399
99,56.954089795523316,57.02331317515401,58.196405999228105,59.54732185571496,59.696893865745324,59.35289386574538,57.16607083333262,55.96625995370235,56.31893090277338,58.319255787036326,59.84472488425715,59.642922453708756,59.4617994212961,57.9276969907419,55.38723634259149,51.64997326388678,48.74187870370486,47.56874722222171,49.43720787037225,51.65432303240696,53.32098969907363,53.83184606481391,53.83284606481391,55.03164849536805,54.52349212962776,55.722994560187715,57.07967395833495,58.43665335648219,60.30412245370305,60.0508609375025
101,25.188943436010266,21.259929867986802,19.21112669600293,23.3649856183535,37.964098081683176,53.306514713971396,89.61859438027136,133.3264583333333,106.69720067840116,85.27323982398241,112.5944611179868,109.8388839040154,79.13126696002935,61.297641409974325,58.197816740007326,59.29098643197653,148.8430052484415,145.02320023148147,107.7161531101027,88.24883823799047,100.1911617620095,83.20003506600659,74.286549779978,99.2066900440044,227.22,296.57769584250093,235.84949652777775,183.97168402777774,145.93951967592594,160.5901099537037
102,239.98086774338498,215.93101040740638,194.08703841414248,179.3892372372157,171.7814520128761,180.408073663152,192.49747894824486,177.47140590687823,166.37758326780164,154.5885259146362,161.32987775432085,168.1665738726631,171.58847183323817,157.04819907204217,156.24811464823216,206.78195954082463,318.2272021555577,725.2984185299082,609.0009876238038,465.9401241777829,605.5595891052855,663.0832731613833,695.322900501341,760.8705123888831,1199.7275948000035,1296.9039307777768,1288.2010837603086,1218.6997934738185,1306.894672565453,1091.6716887115253
103,265.69961333731663,232.48241955889546,209.04420387198215,191.2755193692461,180.88144118640113,184.10082607241586,195.4196288663844,189.4019203939177,176.50604891861647,164.52209622944557,164.97550955327316,172.0338693897804,176.78869525405358,168.04457417211262,162.36546960947157,196.66987131415033,290.78032201610824,608.7220348082603,672.7870647525114,533.8289408356079,578.8998114555927,667.5446522156135,709.911414057367,766.1519191935712,1089.6507213324123,1311.0408792056207,1339.3795579345087,1288.7395677154245,1324.574425060397,1208.3952891633226
110,30.799,29.788,30.776,31.767000000000003,31.7573,40.85045185185172,43.84185185185172,41.992559259259394,42.7276,52.9236037037041,48.973559259258735,38.7096,37.7059,34.702200000000005,34.6985,52.89660370370409,60.046311111111116,52.041611111111116,41.77865185185172,267.04808888888857,160.04964814814866,108.6458,90.12158148148121,63.275388888888884,345.9328740740737,157.34884074074125,176.7908444444439,105.13699629629672,54.35461851851852,74.79962222222184
111,144.86498641975237,141.3422972222223,149.99123333333327,171.54386944444445,197.5799358333334,221.35861268518548,245.54003574074102,251.05260219135863,247.8376173148156,246.71444509259223,240.58283604938225,207.1876046604934,161.59231793209958,156.52594262345673,181.1351599074049,331.07903851851916,380.88434324074063,357.4412182407452,425.84188212962715,764.8094033333348,940.0108173148137,671.3635821296298,387.8285617592567,700.7795940740756,1295.5259191666694,1591.9140312036984,1351.5469284259289,1271.6886062037054,1031.1167616666626,662.4053275000043
112,146.30505397762272,143.40985547968108,151.0972233680555,172.0865275810185,200.39096157060192,227.03627991126572,251.8492572511576,255.96427150861683,251.16336166229505,251.27941729166642,245.13637716885242,212.2333846570212,166.13972937062832,158.94622254526746,181.28027048970955,331.92131376041715,394.08501227199065,372.16100840046715,445.80042787268303,779.806425342208,945.4934072426688,693.9991739614197,408.8175866959851,692.8051358977636,1292.8236167797095,1597.2774046905813,1380.9229030115766,1287.982626361113,1053.9645525050116,687.356817517365
113,169.30902626434852,187.69828723979808,185.6391185154105,206.33843880748444,291.0134366566262,381.7566562288169,422.2011654531669,375.7794128254399,325.52070123926086,355.7453381800051,344.6600944746535,295.8287461966516,226.2491253714656,210.5882943566338,209.80279000035785,500.9759706488177,746.8702446157604,689.8636473561667,975.7720067016196,1467.4216382477662,1250.0568001480126,946.5142225072236,613.1258663395557,827.709386605823,1822.5233090407626,2015.5181685024952,1816.2757671749487,1589.658173888409,1342.1693510659861,897.5910151891737
114,192.73486627586087,235.35211292137717,226.34634832337096,249.5963560175368,396.39517854624535,557.6902040799762,617.0874312577079,512.1385325182619,408.9260770220177,470.69262786303,454.0344168734876,381.3746737526792,282.75207815029364,266.60379147114065,247.97075352631336,720.1210263884651,1146.8048242226935,1039.2477411753166,1574.3795663511146,2307.5665156444547,1645.4084645799462,1167.725587997812,772.2937002465419,1050.37645330584,2542.51131667264,2560.0541385582565,2246.564652074707,1907.8842883642374,1605.755236239143,1044.5893257173743
115,10.815037037037053,10.896370370370354,11.505148148148189,12.72547037037036,13.677707407407405,13.761883950617289,12.759640740740759,11.462311111111104,10.848590123456798,10.876844444444464,10.996481481481517,11.08837407407404,10.958044444444447,11.161048148148133,11.502940740740733,12.372611111111086,13.474096296296315,14.020359259259276,13.234798765432096,11.466213580246913,9.982788888888916,9.80495308641978,11.241648148148103,13.394725925925874,15.188235802469134,15.547770370370404,15.479835802469136,15.574271604938236,15.972353086419716,16.25858518518519
116,7.1716424000000005,6.606191720000003,6.490565840000001,6.1502523600000005,7.158952440000001,6.7065761599999965,6.70401344,7.03866196,7.036324040000001,6.13490976,6.469996639999999,6.485699752592592,5.917024025185188,6.264676808888891,6.235745881481484,5.949820679999999,6.016046760000001,5.9925776399999995,5.754795856296297,5.444323743703703,4.725305732592593,4.699037156296297,5.19183778,5.4341139,5.676459220000001,5.91890834,6.196026660000001,6.127252240000001,6.144754650000001,6.346833066666666
117,17.5652,16.559060000000002,16.35332,15.747779999999999,17.54262,16.737679999999994,16.73312,17.32858,17.32442,15.720479999999998,16.316719999999997,16.34466148148148,15.332782962962966,15.951382222222225,15.899903703703707,15.391139999999998,15.50898,15.46722,15.044120740740741,14.491679259259255,14.597142962962966,14.445301481481485,17.293860000000002,18.6943,20.09514,21.496579999999998,23.09842,22.70088,22.80205,23.97013333333333
118,18.46877126,18.28920878,17.785461476,16.795809674,17.102735108,17.247876043999998,18.203576276,18.835496834,18.981545305999997,18.317634104,17.816090816,16.227640810261118,15.273132561867865,14.9312287247287,14.84645056748681,14.821873587021532,14.95921736410146,14.418285103738361,14.088369210877518,13.178812032119412,12.211014602584688,11.68429197324364,16.876580377999996,17.03429717,17.355208382,18.487716074,19.459622306,15.895161224,16.462752065,17.409114940000002
119,22.085964075,21.861510974999998,21.231826844999997,19.9947620925,20.378418885,20.559845054999997,21.754470344999998,22.5443710425,22.726931632499994,21.897042629999998,21.270113519999995,19.284551012826395,18.091415702334828,17.664035905910872,17.55806320935851,17.527341983776914,17.699021705126825,17.022856379672948,16.610461513596896,15.473515040149262,14.796914104249273,14.115513548827478,20.832574874514872,21.036606946959896,21.451757285899095,22.91683838809832,24.17415563518758,19.56295113065977,20.297221300129365,21.521494100905564
120,9.357,9.335333333333333,9.313666666666668,9.2921,9.271,9.25,9.229,9.207666666666666,9.186333333333332,9.165333333333333,8.942506172839787,8.719679012345804,8.496851851851817,8.476518518518484,6.874728395061816,8.475098765432469,6.873641975308696,8.436098765432028,6.8353086419749225,8.398432098765362,6.836555555555575,6.779641975308695,6.218432098765135,8.449555555555571,9.138135802469117,11.952049382716224,11.936049382716224,15.083962962963334,14.73562962962956,16.93431481481434
121,32.07062812500045,35.20917935185129,35.27872518518493,35.34895101851856,32.394131874999424,35.51641185185129,35.589237685186,32.65159187500033,32.730295625000466,35.83532435185236,35.910150185184946,32.99443562499928,36.28603101851873,33.78145187500004,34.26277562500019,31.774029814814984,32.286959814814985,31.133895625000047,29.997024351851483,29.026328078703365,28.06932555555584,30.045189259259466,30.48275259259205,33.6764917361115,33.71009673611151,36.69162129629611,39.37294666666625,39.11836706018556,39.725003501157644,40.72610868055534
122,37.724060972719116,38.49512495006592,38.91870781575108,38.734315562675775,36.37946347491084,37.837898889302565,38.478841201377904,36.1523870764998,35.389446376813204,37.78216828618864,38.68658164290106,36.67191401162685,38.54196577831877,37.425297659650404,37.08169485033333,35.12198020194526,34.94813248651455,34.262310694808576,33.13618129976274,31.959395759236113,30.651246383784734,31.86242230617294,32.71802177664257,35.298154235399906,35.93225881618202,38.15198957466285,41.23221307343965,42.345421128042496,43.347969614343654,44.5168745153189
123,113.03907272521671,101.53467146782377,91.19811513831469,84.45151202917893,81.09178600378105,80.16917410500443,78.25409687975126,75.4976847352159,74.12106687134803,75.60859979348703,75.49107375375245,75.51494743364913,77.65905260415326,78.45123694282643,76.86024670897177,74.35261797796772,75.36853110784412,73.56249633627621,74.16448727131268,69.79095939190331,67.31990240231073,64.48698035777784,65.24542444478632,63.22288485517355,61.15322355920015,61.368239021906355,68.67347478227822,77.53776459653193,88.11301680276671,93.50804186821104
125,165.34007147684358,139.65723321904392,123.22632578881144,108.25043365683321,94.05861202917893,88.19098970748475,86.93026793216494,85.64960305259078,88.6040032537344,86.13957551332335,93.42973065768456,89.74340708708576,94.63475113735285,90.17413778933846,99.91820360949309,99.27594670897177,106.44717476809116,115.8344101201898,121.59627781775768,124.51521196267069,109.04452482400208,97.11991351342184,88.71019393802473,86.59116148182335,82.48219473171675,79.27419763327423,77.27985630585698,83.58249206622885,91.86084854714923,101.23416680276672
129,364.47321684581686,341.4199211790792,284.0006773709448,245.68064105380515,221.97134772410402,210.8053764373661,207.53825689267893,194.84411461927073,183.0876134236293,168.2769571456144,168.11202309936704,166.86354433294994,174.17126798275845,177.02303820575176,190.4147668859724,197.92266299639329,199.46325865481828,203.6444179311144,234.48332275160416,262.9503580170826,274.28151582777537,260.42824324321913,247.5081312966359,230.4778954426849,228.2590152849407,220.57083820607056,202.81141667517926,179.5761909229308,164.41854563575697,178.5655721589018
130,384.670182345155,359.4753236929827,296.7220517715244,254.84223065989633,228.93043467115191,216.72718736324163,213.15656491003162,199.28318537625216,186.4345501897588,170.2480405962999,170.06778480805139,168.703327139836,176.68991036367044,179.80659913196914,194.44236818139058,202.6477191217413,204.3314302238451,208.9010032034037,242.60472431869306,273.7162382700356,284.08060946028,268.89061759124905,254.72382817613584,236.05032395031242,233.6173413212069,225.18732259437562,205.7142726701527,180.23705145058202,163.61682635499668,179.1289168409011
134,17.88351851851849,18.10900000000001,18.104000000000013,17.866518518518493,17.703211111111152,17.410274074074096,16.479448148148105,18.399474074074096,19.708388888888862,19.702488888888947,20.623514814814765,24.700948148148168,25.463566666666654,25.458666666666666,24.29535925925924,24.520940740740752,25.74752222222219,28.0471777777778,32.2922777777778,47.80579629629633,66.85545185185183,59.35981111111108,55.503059259259274,35.609270370370425,33.18670370370369,31.86698888888885,26.538014814814854,24.2193,21.362548148148193,21.357648148148023
141,81.21226584694688,82.0617111285912,83.99913276923816,84.04447229859531,83.82949016906123,79.22960095177778,74.54779495922695,71.7867052379967,75.77106205221261,80.10007468906103,85.36031132551824,90.15907252989791,95.93921635711716,99.42877588944413,103.56159560084292,108.94268349515094,114.63809877670838,119.64843267526831,125.0708334028447,134.0516668890141,150.9363586031035,162.13302500335428,157.06007003788568,147.2942938726379,130.8906632637523,123.35485981972592,115.31484449657422,106.51837088491804,102.268232189397,100.97978331059458
144,128.23476505112325,129.1626153628383,133.97230712700608,135.80027189177542,136.72904260699298,131.83523375977458,125.6310099946283,121.25314615167672,126.4427273846155,136.67087001080242,147.23486273561707,155.7177588599077,163.89352300653874,172.43579681602156,180.4378499231613,190.43008932190062,196.68253833182212,200.08071271271942,201.35457542596055,205.1618502618789,215.2950672753551,227.53731461334684,231.5120306729561,226.83259231877463,215.9054617365863,204.2384592049107,193.07294721583185,179.9462611691977,169.73807703770564,165.1225167407899
145,82.26242283951629,81.24808950618295,80.02766666666666,77.26805432097531,75.7104314814748,75.68876481481604,73.46134197530763,73.43667530862497,71.20695246911656,71.1802858024578,68.94886296294963,68.92119629628274,71.09731913579134,73.27344197530766,75.44953148148294,75.42219814813336,75.39586481480005,75.37056481480003,75.34656481481602,75.32423148148271,75.30356481481607,73.84704567900434,72.39249320985401,67.29896543208447,67.28796543208448,63.63835679011874,63.63405679009244,59.99141481479339,59.994414814793366,59.996398148146454
148,112.19825335825732,113.23376483807772,116.97117047129122,118.45589217897844,119.0188208156184,114.82829406813559,109.1066229624468,104.99368552222292,108.86718134803677,117.17958526184051,125.81536785605505,133.10137214993026,140.30575065569892,147.53678093732384,154.1135759241559,162.3951647578735,168.34322663052842,172.34382493046363,174.90151377439602,179.91650402864545,191.16215675146003,204.05381251233382,207.45948280071255,201.60374650232967,189.78720170168282,178.01992126704778,168.03790449379827,156.44764465911038,147.5512760348427,143.6951251168939
149,30.51686564405189,31.27085875990656,31.351476186728405,31.206930756398197,28.845664013903193,26.051393900824035,23.79293584742624,23.42104013549704,23.202828326554428,24.037487044900065,24.206503757359876,24.509895035467252,24.525770607416053,25.466524746110114,26.91595950708013,28.545854326233602,29.299653161379727,29.66795882002513,29.82180630016099,30.619954874442396,32.175451864060804,33.90146373654196,34.84458304276569,34.76650717542863,33.79673333333333,33.26251016821872,33.729324495206804,35.5356419710599,37.7673,38.94240367526671
154,94.9889938271605,93.26040123456792,92.65140740740738,92.7610061728395,93.49406172839508,94.03212962962965,94.66466666666666,95.88848148148148,97.95753703703704,100.02725925925928,101.52511728395064,101.62472222222222,100.17792592592592,96.75725925925929,93.89160493827166,92.22954938271604,92.95208641975313,94.06726543209876,94.75872839506174,94.96585185185178,94.82873456790124,94.61666666666667,93.7964691358025,92.40793209876541,90.77006172839505,90.60353703703699,94.8216049382716,102.92074074074071,110.54919753086422,114.1970925925926
155,29.844319977113123,29.61975505352612,29.3806242676058,28.58354518629015,27.47154063224835,26.19230966134985,24.866680527852683,23.73505142804684,22.130756918375397,20.15789747693749,18.880260054736933,18.075059056638867,18.06292212215802,19.726165055097468,25.695751165993805,27.409913262449408,30.36778742000133,32.650198643864414,30.88140272673264,32.664374999338705,45.292360943640816,55.895985033709934,56.66893383432392,52.51630365005454,49.77485850131566,45.93363261085235,39.070545164775794,32.987478487965326,30.53681771088748,27.54788030405741
156,76.02302358289991,73.35845121529813,69.82166186815776,67.74176236352785,65.381706093185,63.57295758081782,61.86228941926446,60.614557505249785,59.30539718001087,58.16061107608704,56.25113319411975,54.08635164554701,54.35789565008764,55.38821414101837,59.71386937196867,64.94429594630911,67.15233487155044,70.54902786502203,73.38619749274658,79.97192501235862,90.50696735702238,104.29850322471071,111.65861225412874,105.19043033179062,98.07494990721462,92.02087159464685,82.8558982592902,77.37508560841633,78.80297750237246,77.17763675953326
158,11.894345679012401,11.551382716049321,11.2849135802471,11.180849382715868,11.277137037036937,11.336422222222113,11.641077777777788,12.12353580246924,12.797685185185035,13.582402469135866,14.900193827160466,16.57392345679027,17.715579012345646,17.71283950617295,17.05181604938269,16.246064197531062,15.607979012345776,14.96559753086426,14.423948148148035,14.058891358024526,13.618674074073931,13.503230864197421,13.01975061728375,13.016332098765455,12.617975308642142,12.841655555555866,12.62718765432121,12.69525061728393,12.599856790123374,12.62948703703696
161,53.87200000000001,50.178000000000004,45.81733333333333,45.45666666666667,43.76266666666666,53.40266666666667,63.37633333333334,69.017,62.65766666666667,52.29933333333333,47.27533333333334,38.919000000000004,36.77961732937115,35.05942506948833,35.84310451148107,31.247038325978203,132.2980859188176,49.08021569667735,38.12415438720793,34.018082488315486,31.911334747606716,31.419333333333334,27.07766666666667,23.737,193.733,198.731,50.73,66.06666666666666,73.73700000000002,153.744
169,329.0,332.0,337.0,341.0,340.0,337.0,331.0,319.0,302.0,288.0,283.0,275.0,271.0,269.0,270.0,269.0,274.0,282.0,294.0,307.0,330.0,348.0,354.0,355.0,350.0,341.0,330.0,320.0,311.0,308.0
172,322.0,326.0,329.0,332.0,337.0,341.0,340.0,337.0,331.0,319.0,302.0,288.0,283.0,275.0,271.0,269.0,270.0,269.0,274.0,282.0,294.0,307.0,330.0,348.0,354.0,355.0,350.0,341.0,330.0,320.0
173,322.0,326.0,329.0,332.0,337.0,341.0,340.0,337.0,331.0,319.0,302.0,288.0,283.0,275.0,271.0,269.0,270.0,269.0,274.0,282.0,294.0,307.0,330.0,348.0,354.0,355.0,350.0,341.0,330.0,320.0
178,318.0,322.0,326.0,329.0,332.0,337.0,341.0,340.0,337.0,331.0,319.0,302.0,288.0,283.0,275.0,271.0,269.0,270.0,269.0,274.0,282.0,294.0,307.0,330.0,348.0,354.0,355.0,350.0,341.0,330.0
183,12.581932679526751,12.163175581275725,11.931878048868315,11.759955923868313,11.352508501851847,10.70182667139918,10.177926324999998,10.387679257098767,10.975789517798354,12.269157183230453,13.712831020987654,15.127530268312752,16.075665882818928,17.458398918621395,19.17887903621399,22.33088736954732,25.8111804558642,30.21156310689301,33.58384280072017,35.492745925102874,35.261634028909455,33.451712387757205,30.769743766769547,27.745929922119327,24.3976748776749,20.69743394279836,17.244224180761318,14.680900251131686,13.559910516358027,13.178000445730454
188,12.975947407409633,12.187037777778007,14.997313580246804,12.900185679011221,16.215169876544202,15.583606172839518,16.800151111111248,15.08638049382802,13.19169827160481,12.375651111110365,13.649546419752454,15.86626716049426,20.037079259259016,24.80811481481448,30.775992345678787,33.198913086419914,31.84341654321057,28.327922469136247,24.59255679012529,21.362717037036102,19.98794888888901,19.726099259259712,18.77666197530865,20.73059259259132,23.5359740740734,26.44597999999976,26.19904641975285,27.296159753086386,26.067845925926253,26.575975925927054
190,191.50417283950614,191.32250617283947,192.7995061728395,194.26943950617283,195.73400617283946,195.5255061728395,199.1723308641975,195.09777283950612,204.3835851851852,210.7428506172839,217.42178271604942,218.77539382716049,214.51286049382716,210.9988950617284,204.49926296296292,198.48897283950612,196.39343580246918,198.4213679012346,196.7228839506173,206.0382518518519,203.19895308641975,204.75573703703702,198.54274320987656,193.16925555555557,193.22916666666663,187.01730000000006,185.47976666666668,187.1985135802469,178.92926049382717,178.04079444444443
191,131.19684323346144,118.34946113537777,112.59655954872372,110.00593026669344,109.06763585133542,108.4862696538748,108.63462585515984,108.71078154813013,109.95693530035156,110.82447214047409,118.84807925030806,137.50965699210576,160.21198293953387,172.6880401758766,169.2444305417401,159.68164293715895,151.33647610204784,149.63291128693447,149.40351723439144,150.1963882591316,149.2352578964386,148.57639596828585,157.03519558664968,163.41462052024173,169.9214266647938,196.17641509639805,212.86408842445363,203.857436612986,194.2714849025293,181.13795482768475
196,12.994333333333302,10.663929629629658,8.24103333333333,7.807777777777765,7.963885185185188,7.1524,7.150099999999999,7.1488,6.493722222222236,6.913818518518523,7.144,7.1417,8.024659259259241,8.287248148148146,8.798837037037039,11.366981481481474,12.282348148148149,10.668937037037047,8.940785185185188,8.634029629629616,12.1271,34.00080000000001,42.12450000000001,27.354681481481474,15.657937037037046,12.003859259259244,10.002559259259284,13.042925925925903,19.652737037037046,19.766277777777766
197,14.354148148148154,11.510855555555557,11.921292592592586,11.573370370370373,12.456029629629633,13.464588888888885,10.769544444444437,11.264214814814821,8.387614814814807,7.303581481481488,9.756685185185184,12.680911111111113,14.416422222222225,8.415722222222225,12.497455555555556,12.802411111111104,13.676711111111109,14.569629629629636,18.137374074074074,16.988625925925927,16.946259259259254,15.828918518518526,14.712477777777774,13.901692592592598,11.742685185185184,10.130874074074073,9.213607407407402,11.906351851851854,15.285381481481489,17.516162962962962
198,29.593142746913585,25.42940570987655,23.54678487654321,21.74185663580247,22.246031172839512,21.71755879629629,18.196876234567892,18.415911574074077,17.15523981481481,16.572755092592594,17.88309104938271,19.973055401234568,22.487079629629637,21.13667052469136,27.14876111111111,28.640236728395056,28.0409850308642,25.31582716049383,30.468291512345687,31.587639814814814,35.12341898148148,33.368920061728396,31.144267129629636,27.30838395061729,25.62470061728395,24.395803858024692,24.83692685185185,24.66647453703704,26.211170061728406,26.49058348765432
201,7.499627999999982,5.872930222222247,5.1791083333333585,5.500454000000032,7.220758000000044,8.77671566666656,9.482563111111112,8.844787333333251,7.8158035555556475,6.2074601111111285,5.6003275555556415,5.251805888888859,5.31195122222226,4.936429111111087,5.528103999999971,5.550794555555525,5.639555444444457,6.811467777777834,10.262415999999938,10.933415666666644,9.9522795555556,7.113677888888932,6.428984888888882,5.4800983333332525,4.461226555555637,4.752675111111117,4.2763051111111166,5.067463777777652,4.5345122222221725,5.077237833333259
202,3.024840039999992,2.325359995555566,2.027016583333344,2.1651952200000135,2.9049259400000187,3.5739877366666204,3.8775021377777783,3.6032585533332977,3.160795528888928,2.4692078477777852,2.2081408488889256,2.058276532222209,2.0841390255555714,1.9226645177777673,2.177084719999987,2.1868416588888757,2.225008841111116,2.728931144444468,4.212838879999973,4.501368736666657,3.897475950222244,2.5576559635555762,2.2344808675555523,1.7866064133332953,1.3056989342222607,1.4432626524444474,1.218416012444447,1.5918429031110517,1.3402897688888655,1.5964562573332983
203,10.901954275999973,8.515588636000036,7.497751925000037,7.969166018000047,10.492851986000064,12.775441882999843,13.810920084000001,12.875303017999878,11.365783816000134,9.006343983000026,8.115680524000126,7.604399238999955,7.692632443000055,7.141741505999964,8.009728567999957,8.043015612999955,8.173227837000018,9.892423230000082,14.954964271999907,15.939320782999966,14.600471312444508,10.464628684111172,9.4670309831111,8.084503271666549,6.600007091444562,7.024647636888896,6.330576546888896,7.483294724222038,6.7067843077777045,7.497535523166556
204,295.25225870611257,286.87187289366875,278.6699718050057,264.0925692766168,252.98060653696868,254.71490886249384,276.3306143271509,312.6256303024553,354.52358744395764,372.3805641614569,371.01175449735507,348.38631836044294,337.3775417890257,326.16928402338664,305.23228220096445,279.5299929719817,264.53081282688396,267.0403897106014,266.93831897778716,269.73908941703553,278.97884503241863,279.56869904867006,279.38960859839193,270.9170945107088,269.63960583580484,264.88583651190135,268.75450043830625,263.6928460935851,238.17712115771485,214.92803353033943
205,21.24396513754031,21.076836616333672,20.07427702483764,20.095820259050942,20.074139149904585,19.39119713477693,18.568967013002396,18.442093672626065,18.592664544194893,18.006130823781113,17.272753532624606,18.467904016860047,21.336048246435762,26.315585616110805,28.779111007263474,30.348742550342674,29.73495926936247,28.58225440868379,26.073911489857718,25.03523116890132,26.63655553838143,28.078413327993317,29.6319439898018,29.911640461319408,32.25162992511362,32.21383003388891,30.122232703355106,36.88935058235912,37.83435648185471,25.6618600047604
206,99.46013666435185,113.57351025819708,104.06611727940646,86.0122203777188,78.75022511037345,75.27387333028106,72.75034104270243,70.78171092778544,69.04374183315721,67.72202177048337,68.4766486618634,73.1853239775096,78.62597750479918,79.6416823572736,78.49917551090827,79.04246217547514,80.8495097442707,81.22015496803101,82.77454258292592,88.75288883371158,93.68734455660751,95.96437317814905,97.85126449429933,99.9411663558815,97.17310238144549,91.77759578561351,90.15138016107625,88.32600419929884,86.86612708775513,91.83865157390085
207,97.78342119211828,111.07184193639758,106.43889715154222,90.12921581707444,80.59966370110807,76.3387462041398,73.60415695337575,71.51558223488077,69.70707300168112,68.29297842661451,68.62686292297612,72.5378895880398,77.84578060972197,79.79476866890104,79.09989322538861,79.30291675780272,80.85159679952427,81.52205879654015,82.82764212375697,87.88780192211138,93.07287656866316,95.93630135460474,97.92954849073841,99.96892078865736,98.1966460170314,93.32804874060713,90.9068329676928,89.10853661563691,87.5607192930005,91.17701949214802
209,77.97588213143014,74.39793734065964,71.16034887019859,69.3402069213469,67.7089905183085,67.4193063978229,65.85995137153995,64.19718260147147,63.92047260473854,64.21614424523119,64.25637551170249,63.89940564817235,66.17358931814654,74.0088303093034,84.28658339129633,88.05294184207712,85.40453870237312,83.73171771763569,82.1977527500808,79.9376841591667,78.28508350837174,78.94634484291899,81.69069784580167,83.50249376618967,84.10742777048772,90.23758316288786,94.57261121145152,93.46943919764949,96.80923953812928,103.4828354116018
211,116.21070842003044,106.69495677740886,94.2924065532556,85.71157070497448,80.1875552202303,75.35521269860367,72.84773362362887,71.09241408700109,71.21411402947655,72.03865821034739,72.1547291043365,72.14694321415793,72.70634052846171,72.55925403346298,75.3962256973264,78.82474884500995,82.35743301518579,83.26611177274292,88.88615937891302,98.24331524118558,105.82220807926964,115.64436850494451,122.35664506668512,116.23779239428352,105.49640360378395,95.93306821688252,93.70440374352086,96.78686059036393,101.19075148576292,108.5305862147089
215,120.00222222222284,104.22518148148063,98.49896666666477,122.31188888888866,230.55240740741039,258.8124444444447,417.74277777777814,644.1926296296282,411.79062962962837,370.8896296296332,315.77203703703407,280.443481481483,228.98529629629692,202.67162962962882,177.362592592593,166.8488518518489,151.38603703704104,320.207629629628,351.73855555555724,347.2902592592559,923.316814814816,451.06596296296186,374.5039259259297,477.0467407407366,760.4105185185182,2544.050444444445,652.3408888888898,497.75170370370347,787.6655185185198,579.9662222222238
216,98.5250376316304,90.45967533962826,92.64506484426217,113.53184468460178,169.9629580963496,205.58836344479488,247.06513381877392,284.2363922820706,280.17724098696664,262.5892292223658,258.9673617140896,272.5602681918346,255.57571854355118,218.1253590436395,197.34221237084176,173.18049766793206,177.10383548041375,274.6492557582232,291.58596185563016,282.24407241173463,356.28656042188726,367.9769919226242,334.10152866168437,349.5461843396582,519.8204427594187,818.5817780279763,1023.3749018517157,682.479774329595,641.0035003040524,627.4562003409633
217,285.4386366527341,259.5748429362466,241.61342064749982,260.504637202701,365.2941402793669,524.1858814495865,685.2123119033897,957.9379500874586,1080.2809691036541,897.1908199812102,815.3965803447728,740.4416504467872,664.201137503496,561.1202551516202,487.9203338553889,431.2656115008682,410.651782623554,519.8498928415422,712.5547140538401,735.3924578744244,1158.8699136390287,1618.6631937648506,1139.999853810674,1022.7496639080772,1236.1097524384254,2722.4924715048073,3426.576382532442,1850.904452905469,1699.5961308353433,1698.5686531002875
220,28.10872722638102,27.241491779405518,24.78569998311257,25.31496395721972,25.803506404800963,33.25874030062092,33.595863921765925,32.821329989011645,35.7516991449331,47.62774805249198,52.316110935867634,41.22391230178377,33.231580214615164,27.45205874019148,26.154696946503076,25.37686371551937,85.17761668271284,71.20873547456625,56.35995802918664,123.79299230839227,194.26198981616855,155.4532974328431,124.94159517847487,110.41869674930115,189.3228118129606,232.29392441581751,177.55306829255935,156.97045060644638,149.42699916920304,237.3122033942656
222,349.8512236696077,349.2582794667658,348.1322976491869,345.71835736017294,333.70049860746485,331.74090578256204,345.55895858867007,394.4670643220338,455.92035551808,503.9816214460705,527.2294319405688,523.5130132214348,506.07076205017785,469.00166836708235,435.89802732866286,413.71796218607926,430.4299334933062,465.41034702717997,501.28167173714905,502.0345483686151,473.2685246421773,435.9033641684598,410.44958971592837,423.96545390850054,470.93604195854334,515.0158586203435,547.9531900783771,568.4510533037675,619.6361591112768,645.1122999962192
227,429.8788856422836,462.73625531781533,480.27218486895526,485.332900208138,480.4464395010661,470.3229489980177,457.4386374929749,447.5501732031266,444.4621448617748,443.5390713974626,448.760383267098,451.89116891431706,452.95770206256395,451.69442714441993,455.9267032636663,463.99444631075323,466.2068646827809,456.26631093980023,445.66849751353396,443.46007549830324,398.0094034428001,414.0094739397848,429.7668725070452,441.7627444089857,450.6420630069788,453.8992925358605,448.9285243077101,437.9119981484573,426.35851798179186,419.98186057619716
228,461.92440257198103,497.23113980514336,516.07429319555,521.5122618600174,516.2615377184183,505.3833870142335,491.53860865154206,480.9130042964505,477.59477747874337,476.60289308345517,482.2134300197361,485.57760150611153,486.72363985268225,485.36619353154936,489.9139665978668,498.58312321755477,500.96046732276994,490.27889048258527,478.89105823727004,476.5180083990858,430.34766747252763,447.64774369739234,464.6854308982427,477.65596739221587,487.25673062629585,490.7786100543993,485.4039669077116,473.4923479980195,461.0001475678125,454.10538674801325
229,781.597973895061,841.3386460323915,873.2221543071913,882.4234549238872,873.5389809110292,855.1326345418503,831.7066136235907,813.7275876420482,808.1129906577722,806.4346752681137,815.9279695765417,821.62030711694,823.5594582955707,821.2625948080362,828.957642297575,843.6262660195513,847.6488448777834,829.5751107996367,810.3063591155162,806.2910463605513,829.1862571725002,862.5197373745517,895.3476510563443,920.3390508520537,938.8376312645391,945.6235261163762,935.2677589743961,912.3166628092861,888.2469124620665,874.9622095337442
230,788.6323556601167,848.9106938466831,881.0811536959561,890.3652660182023,881.4008317392286,862.828828252727,839.191973146203,821.0511359308267,815.3860075736923,813.6925873455268,823.2713213027307,829.0148898809925,830.9714934202309,828.6539581613085,836.4182610782533,851.2189024137274,855.2776844816835,837.0412867968336,817.599116347556,813.5476657777963,837.4781197442252,871.1449347482973,904.3011275669077,929.5424413605742,948.2260075771845,955.07976137754,944.62043656414,921.439829437379,897.1293815866871,883.7118316290816
237,176.6628219848421,159.8633440149519,156.14152659356003,149.8301023968537,143.11919283214272,140.6761468968819,139.76535019809648,150.26264038805772,168.65695653162453,172.03947763573981,157.91198430438445,146.43279250302808,140.74238790409262,137.11485567028706,142.28868855335278,147.20473304632216,154.01601474928756,178.11120975176468,238.11678478490964,173.16812976949691,171.7255876856366,158.62209855145986,147.13020675162028,135.04402179873318,122.0042818639036,190.80499668889829,413.26371315235235,351.676340025932,208.60144780918284,208.75778366498264
238,215.37609224939467,199.38575222211782,189.7943084875801,184.2383795396513,177.91203394505004,172.55497419784697,171.00767288637246,176.2300368486089,191.09528686538715,202.34270141145603,197.06911145894517,184.2794936481429,175.36825982578418,169.9985719205459,169.6201095507248,174.101455777633,178.94443438948502,194.23646945887376,236.1378775877861,233.81209588553304,200.77791479144344,192.95013137686882,180.5179435515316,167.93470253628442,154.42120503131838,181.5754716263989,327.1700869872876,409.47938570580186,309.66629231754496,240.17418483707092
239,280.8569224574703,267.2602098036547,255.75685069001634,247.14554810497367,241.5600026648744,234.21744047885846,231.01464580814832,233.67778862053132,244.52860153784385,258.2756335760684,261.45281977346093,252.44762200044246,240.96914168264556,232.46127314728284,227.37152212393775,228.33862534075612,231.03701468451092,240.79437017883663,269.10446372858553,289.1727124801713,271.80329449062526,250.3049519554277,239.91619656418393,225.88045484451862,211.00327836157902,216.42643097885474,302.73333983276063,420.29011148912406,416.3828628338717,335.51505281061844
240,314.4714273870539,321.04483436750036,309.5977336409786,297.8996526587028,289.65089692797187,283.7588800748874,278.04397367207997,275.20228528007345,277.2090856546144,285.57866261671336,299.7217881781092,303.98219622009435,297.97326964096334,285.81316709216753,275.7592537966209,268.30241423048574,266.81882998503687,268.19531788010164,275.87894423753556,299.680825580174,321.52807944248093,312.1345361128927,290.9026374291504,277.5458219551519,265.0034875205597,249.5950648688526,251.3872284680421,321.6240190615384,433.80385342876406,455.0362146981427
241,121.6466588992223,121.22938937883696,119.81926110602795,117.1677654811669,114.6243145423972,113.2728692183154,112.7432340585372,113.13279830658472,114.72072250301576,116.74958264722812,118.22075422204624,119.22107403941315,119.35579300627909,118.41728095851784,116.33742812390273,114.07783183297491,112.72289087335899,112.06392921312086,112.14682628605541,113.35806311524478,115.65394634323799,118.24650837789416,120.90948474472631,123.34870680646259,125.65948091867114,127.70306107727049,129.44657526047573,132.0896560462275,136.535098268796,140.25392914092583
242,319.55121487785243,333.5509166882682,331.39082635191915,319.92397103744025,310.18773957174875,303.14699709363845,297.8341137543508,293.91903739165843,293.52286588729214,298.13986021445595,309.55013888902147,318.72208347808487,318.45659417430124,309.15596618497995,297.59524731245983,288.0784383521493,282.8901043776207,282.33799410952787,286.36720572948775,301.1845503636556,324.11501407410213,331.7131788382718,316.65936991877044,298.77892305986967,286.08497070670444,271.9501390651918,264.6614463081142,298.1321922500644,388.0402510932734,458.4705458012963
243,294.02100601553394,308.9773307167249,326.33548239394844,336.6884943264032,331.3788446502834,320.3140582662557,311.6876661109511,305.0632451635788,300.18062074304265,297.8775872615988,298.7602615325752,306.3999306291293,317.3593042108905,323.9589639775358,322.53608447855805,312.23787281605627,300.74496059619173,292.263655652168,287.4042188423432,287.98976355420064,295.2813461737438,310.8336867198385,329.97720256673165,332.32868025919004,316.49710283896593,300.04543865411813,287.06276943124675,274.1204814314783,277.7524517047129,325.1907436275335
245,2246.6344561819024,2316.046031117376,2356.636971941671,2374.801287033897,2355.8673870578077,2335.298490195089,2298.0001139189794,2243.7318748825405,2179.004291310336,2121.195325618478,2084.3041374470567,2119.4180923404074,2182.852457239457,2247.6299681353007,2294.82779776805,2300.058976894577,2283.600150523119,2262.837866824206,2270.9093265904417,2280.389577885723,2295.367039183555,2324.3829596947407,2374.4473783857125,2423.3185340558457,2434.497677840397,2428.889134214276,2438.00847277002,2453.918561017691,2518.9204331732244,2675.6854527519367
246,2739.452621040513,2786.769388125697,2867.565310899716,2924.814583953941,3002.345998102753,3011.830204846948,3027.788775932,2980.5494800980873,2961.7184620230364,2891.550721575661,2822.2932512309712,2715.514788243403,2679.0947623882653,2682.6242303915537,2743.5309979801955,2777.102572529775,2779.7022486057936,2776.11715295278,2771.791492792375,2736.34551867606,2740.748012819132,2751.4690658339905,2759.608097928411,2796.75818938316,2832.1330017984124,2870.305260378595,2859.603383425349,2847.6042864262104,2845.690734909939,2860.192656285183
247,85.76206037004965,80.45825116054215,76.71815495960138,74.275067425718,72.38914183996978,71.34557730050766,72.07101459211172,74.16305434008227,78.53384627976611,83.65491767832594,88.20813180549385,88.19151061805556,85.05401171792009,79.41440012287289,75.36020024683138,73.46714999061513,73.67939153768086,73.67914790930553,72.96439064780823,73.47174740374787,76.08215682968904,78.98054578619198,80.57971086360219,81.43571604364402,84.21372279671799,90.00668040547397,96.34218102761196,102.48750753514427,109.46378966369969,113.56783883304922
248,90.82942395116581,85.11413108365734,80.82831517706839,77.95986335253512,75.85659443112594,74.55924959881702,74.87246012369408,76.70943255810424,80.69143052342608,85.83687796526101,90.72050039540576,91.84565013512551,89.35851891897526,84.11102875378938,79.49268467795893,76.98099929924723,76.67570194162381,76.72856952405519,76.16285899446771,76.38568523259147,78.57836857018192,81.52471833911221,83.51487407070744,84.59209673254276,87.00457652621077,92.28354970015585,98.74562208910393,105.19282890468216,112.25009968811213,117.24206148122956
249,97.69543324552843,98.4488024711575,94.96504833562076,91.6485450783074,97.62904927282793,97.46516629169443,96.18518594363569,95.34554221142969,94.04355506696837,94.10097408513495,93.79166583503472,94.8901145298806,95.90054930168694,97.70641042730179,96.61087164696876,95.15825524778,93.96682631364773,94.06069773192108,92.8280129831514,91.53199767817844,90.73087905316864,89.37194128004263,87.1922431181176,85.72272684771781,84.01007665173245,83.58793803532518,89.58148070689583,103.62688747783791,125.40060009204508,159.76012151952918
251,26.33213093410509,25.88519670943908,24.987511490011638,23.707242275458945,22.564605380942965,22.262356817741605,22.26329706324224,21.8403804436237,21.150004124106832,20.63390272521326,20.465279839969973,20.58449250781716,21.5940225186332,22.13813361602066,21.98057339714531,21.86605845004009,21.84081719777277,20.561009811674605,19.19296298179479,18.839068104949156,18.850433899595,18.882436724691665,19.32029137611431,20.303498641089128,20.573414008009976,21.313374390359076,21.48089908837079,21.910149201004614,22.63561256657166,22.795555807821604
252,52.192518518518526,49.67832962962962,50.22422592592592,50.87670370370371,51.905511111111096,49.75376296296296,46.518781481481476,44.2837,45.16535925925926,45.74046296296297,46.15915925925926,51.8511037037037,60.22813333333334,52.614422222222224,47.91737777777779,46.72496296296296,44.06968518518517,43.753270370370366,40.90807777777777,43.29536666666668,43.482581481481475,42.13375925925926,47.132259259259264,47.403807407407406,64.73917037037036,58.70516296296296,60.009118518518505,70.12335925925926,73.16342592592592,73.96275185185185
253,148.31283397434763,137.43149061382923,126.98994045383616,121.98035462591496,120.3102257980088,119.62004972386644,119.64558685026094,119.90051586757635,121.71411374257058,123.42090896878582,127.05999049202228,139.31746735967675,159.0791652558417,178.3182430022857,185.16947863815088,179.9326737973425,170.23755134113017,164.40847121831771,162.19146913313577,162.16617890599215,161.72386930736874,160.86423777115226,163.44593620402918,172.16687480040702,179.1467511384127,193.0375396160693,215.83446661828683,223.13485290590003,213.47710248275342,202.34219601351055
254,5.58896,5.32032,5.110200000000002,5.0102400000000005,4.78992,4.57164,4.4268,4.3533599999999995,4.259519999999999,4.259519999999999,4.2589999999999995,4.0856,3.78776,3.46544,3.0452,2.5948799999999994,2.33176,2.10416,1.8940400000000002,1.8818,1.88792,7.5979199999999985,12.37192,16.21384,19.0298,21.516560000000002,17.96484,15.136120000000002,13.73015,12.9302
255,2.9449925925921145,2.716251111111248,2.552564444445129,2.7630118518522155,2.5292548148142773,2.4690859259257167,2.45064370370389,2.544638518518208,2.2653592592587204,2.8252429629629474,3.0192600000001617,2.9728103703706426,2.8895977777779405,3.2062592592603907,3.1568540740738738,3.4832488888890167,4.64853259259305,6.112364444444142,8.080699999999187,10.174655555555407,12.565087407407232,14.632645185184908,15.949151111110966,16.56327925925958,16.5111407407415,15.848491111110967,14.89437481481435,13.802495555555394,13.12216018518507,12.562339506171758
257,227.32222511601245,227.67526327724903,217.26408517407825,206.18089244394787,205.20190294411583,204.8774749353145,207.29549784682868,208.4283645555308,219.83539872710378,226.2441529251772,231.64241740409386,243.58229234765167,256.3937321020375,275.5512321478693,288.14962129967313,292.9168621105029,281.9469975144156,275.9253414283295,263.3712846720921,260.80655100703893,255.50911147744202,254.9335549995113,256.80978787040164,268.9758000702951,281.5194408410936,297.12558416577997,311.86277502361463,323.0038210839772,321.0374694604592,307.99587862318856
259,52.192518518518526,49.67832962962962,50.22422592592592,50.87670370370371,51.905511111111096,49.75376296296296,46.518781481481476,44.2837,45.16535925925926,45.74046296296297,46.15915925925926,51.8511037037037,60.22813333333334,52.614422222222224,47.91737777777779,46.72496296296296,44.06968518518517,43.753270370370366,40.90807777777777,43.29536666666668,43.482581481481475,42.13375925925926,47.132259259259264,47.403807407407406,64.73917037037036,58.70516296296296,60.009118518518505,70.12335925925926,73.16342592592592,73.96275185185185
261,101.05981930404013,94.89605414830808,89.4281499981188,85.4852851750547,82.75821892418556,80.8766279643513,80.2392315175203,81.28531891351699,84.26401892407516,89.07756092015947,94.47624654947252,97.94915887738213,97.47754730327105,93.52000944537308,88.1955410195715,84.22108604947945,82.55317723767759,82.38217292904238,82.14790789055917,81.91705705620103,83.08005425963368,85.77906367004896,88.49026616753041,90.2041395118615,91.99649351531765,95.93101579303715,102.14263276424988,109.07343428691999,116.2878529728479,122.88738835771281
262,11.575864197530866,11.113987654320992,10.842259259259265,10.672082716049383,10.19326419753086,9.574046913580249,9.109117283950617,9.468261728395063,9.981727160493827,11.277633333333334,12.609033333333334,13.957075308641976,14.754524691358025,16.158455555555552,17.840130864197523,21.15606543209876,24.654098765432096,29.28488148148148,32.503627160493835,34.23129876543209,33.67072345679012,31.653358024691357,28.82577407407407,25.70498024691357,22.264408641975308,18.504759259259263,15.193850617283951,12.897164197530866,12.098934567901235,11.840418518518524
263,18.73772668827158,18.92353145061729,18.99955728703705,18.7944604567901,18.64205539135806,18.31289424567904,17.406720491975268,19.07885043024693,20.524718308024667,20.737987594444487,21.68307495802465,25.55698657037039,26.646343199382716,26.773873720370368,25.780039306172814,25.982837454320997,27.136810452469106,29.31137873888891,33.32423937592594,47.84105373827164,66.55153600185182,61.237699374691324,57.0867744191358,38.57064385740746,34.725587946296294,33.319307797530826,28.266572093209906,25.61334479197532,22.738843096913616,22.467624412036923
266,4307.401567413775,4285.955587818064,4255.447874862657,4277.146385959332,4301.6441296585635,4346.427366587933,4407.60485081597,4442.422489735496,4493.804821934041,4542.671789040163,4649.245957819594,4637.523713484409,4651.652148042874,4560.865895815903,4463.102913254695,4351.534813461632,4283.323287392243,4297.805256892682,4336.24888213891,4279.427542836364,4281.205315740048,4301.934373696252,4317.841067261135,4303.437747600341,4242.289849462901,4242.332078917588,4274.9946482774185,4318.667746815972,4434.499350594002,4476.60600748323
269,502.3399682539656,518.7301164021234,533.7561957671869,539.4982857142899,550.3542275132286,553.3395925925946,555.6253015873019,550.9788677248672,546.3910317460328,533.1578412698416,523.9648941798938,509.2048148148156,491.0729417989387,473.14839153439215,455.5214338624363,438.0173968253943,427.5800105820094,418.6358624338666,409.4018835978824,405.69760846561536,402.29325925925735,405.7698465608451,409.2699259259297,412.7838835978904,419.6104338624256,421.87549206349104,427.5206243386188,430.1935555555567,433.15394814814783,436.65212037036673
270,113.30631112965496,103.65466837710623,100.61524365894465,98.88585053099258,97.86940586316405,97.3741359189591,97.34954652487892,97.27038385222862,97.11899083391177,97.69337281159895,110.36598809644742,132.108664002675,155.925815203731,160.3958929334971,151.85334979574776,141.13291646365934,135.42071177723258,136.05467776216642,136.9567374799987,137.90935425932938,136.71298656482764,136.43676525333942,150.7845863778301,149.8103881449421,160.69000909559563,196.5334269666669,200.00634005359132,183.51667104675855,179.65874493836967,160.53727433526845
271,815.5902652832616,823.8699428282378,837.0610334374808,846.5281353448512,866.1620932950686,884.0586051453954,890.1758663898622,897.3736702757216,913.8352277804576,953.5924285689281,1001.6530492215946,1050.780185459486,1087.487064723858,1114.3013720306162,1103.2547258587356,1067.7590401344619,1030.3927790318742,998.9350909144313,972.194502903118,950.2755766749773,943.0975218549918,925.1193080619374,905.0760861213672,885.574177804054,891.4712515395253,954.4302287204667,1045.60566915096,1161.5803398496273,1242.2119897622515,1342.4383303057075
273,301.053736174057,308.88959274024336,312.8044342738805,312.33265903537006,312.16054081340087,302.5952203416407,297.89281074404613,298.2142757963205,309.9667148322799,316.81801172604014,324.574925108184,340.01451555281267,344.0418908492688,351.16926048593973,360.7630234987466,377.7321692376783,390.2445804047081,402.73628427878515,393.9334589559068,383.4809279102942,369.8927095942688,360.6745798521587,358.8669182756717,363.05720040279436,367.9215116890339,379.865564156644,389.92931790073163,396.67979807679535,408.2020597334717,418.70490476207
275,1562.0018447457296,1562.1240386478935,1565.5399222756696,1593.4224826765617,1568.4201971352447,1606.9412381079944,1662.4494986646287,1796.79456567091,1964.8036632157748,2135.5890465042103,2185.4468130209493,2218.5394359196202,2229.924903405105,2152.645039256552,2082.7873591963985,2061.6982481653813,2023.9118740166489,1959.3854417536304,1866.4001289809635,1800.6402838299036,1747.241838446279,1723.9532913448495,1726.8804459935925,1780.212816088732,1797.6802676354675,1855.120754438899,1896.1719491920712,1913.3646094141213,1978.7150453992542,2094.8891228508114
277,102.52223528972208,105.0796407757577,99.4772619676907,101.7669230077257,101.16704856406544,109.00061233292264,116.06598684948015,130.0372327948036,147.3004,165.65626133668067,178.89960473751307,179.41004965533162,172.9717026555381,162.24402296405097,156.8471592267845,153.90470249737953,153.00159580713287,150.80430673514718,147.85650104024762,144.4410515036914,140.03111465764565,140.05746724889758,137.90158157311237,140.78689377301419,138.6449290602915,141.19105651765165,140.88617803558475,138.1098602660707,133.18738591711644,128.4078654955062
278,80.9412592592563,81.12494444444101,79.72960296296284,75.17375333333513,71.39632740740431,67.03423407407595,62.67512148148435,59.69403851851323,58.292217037039244,57.489215555563156,58.46509555555474,59.62065703703293,62.55630000000615,65.48709111110693,70.00246740740553,74.89721037037124,79.60728296296284,82.73936888888733,87.25448222222622,90.38427333333544,91.93423481481784,93.28537629630024,94.45571925925782,91.86497333332912,87.49640888888823,81.55062592592253,75.81063185184851,68.67146000000164,65.50182685185317,62.86198888888536
279,116.16461155874063,121.2247808707494,125.62617799016786,129.46198263915713,132.04541933678223,132.74537921754066,131.66172861292708,129.9094526006078,127.83104354494408,125.5750700844283,123.22133045846893,120.87448782233066,118.8010617650054,117.31889505305485,116.89485124710104,117.25435978648059,119.396946824978,122.6722660049613,127.52241574012615,133.43158167708452,140.16464627139072,145.60145838377562,151.1987256069999,156.00624929708215,160.5123045271039,166.27000793400788,174.49711636574744,182.24040487052238,187.05063951060487,192.3209942608369
280,296.438010749109,288.0239687687437,279.7891283182788,265.15318200463537,253.9965929086031,255.7378603037087,277.4403758304728,313.8811549221439,355.9473769517647,373.8760684351977,372.5017615435292,349.78546020124793,338.7324716757286,327.4792008266934,306.45811465960287,280.6526033855238,265.5931855691606,268.112841074901,268.01036041946503,270.8223789327666,278.97884503241863,279.56869904867006,279.38960859839193,270.9170945107088,269.63960583580484,264.88583651190135,268.75450043830625,263.6928460935851,238.17712115771485,214.92803353033943
281,69.88714814814814,69.32302469135804,69.30002469135803,69.10654814814818,69.07964814814818,69.38381481481484,69.6892814814815,69.90745185185186,69.88158518518519,70.43545555555556,71.11686913580245,72.25144320987657,72.8468604938271,72.82632716049383,72.26667037037038,71.70804691358029,71.51307777777778,70.79717037037034,69.99426666666666,69.53495555555557,69.67540987654324,70.11165061728393,71.57942222222223,72.97069999999998,74.15582098765434,75.8045716049383,79.61448271604944,84.46642716049378,87.61037160493827,88.64238703703701
283,6.641444444444682,6.628744444444353,6.616144444444353,5.792259259259247,5.7770592592592465,5.760759259259246,5.744559259259247,5.729359259259247,5.713159259259246,5.696859259259247,6.606585185185317,6.475644444444352,6.4594444444446815,6.443144444444353,6.543685185184988,7.2219296296297895,7.206729629629457,8.000614814814893,7.985414814814893,10.399770370370213,8.7642,7.128529629629787,6.418885185185316,6.287944444444352,6.273744444444352,6.374185185185317,5.548799999999882,5.418859259259246,5.520399999999882,6.316285185185317
284,152.30931890023442,153.10632299301727,179.7673084799534,223.24516312762117,321.6133468181189,512.1362251213296,817.7515353168018,706.0878980559706,500.59894156003685,414.86967392759277,381.0759758399082,337.7932482109627,288.55867454822817,234.53764644181285,213.7979686482441,245.32531687711716,365.39958179845183,447.39251840622353,409.65907126605833,851.6702272033299,1216.3097889465664,824.123394990678,581.4433922547344,725.9172032899185,3533.376118202976,2763.3174886422803,1478.2747069540715,1329.9499447448954,970.4487917775576,720.4119642349358
286,17.834172839506227,17.152617283950597,16.886185185185262,16.101134567901216,15.300851851851853,14.588432098765429,14.329716049382705,15.961432098765455,18.804567901234574,21.879185185185204,22.537135802469088,21.49943209876535,20.04043209876534,18.782049382716067,19.367469135802466,24.780382716049484,30.64391358024695,33.88895061728404,33.328432098765425,33.55374074074071,44.72040740740716,38.53985185185212,35.78709876543211,34.094530864197445,32.87109876543209,31.38653086419755,29.110296296296305,45.66685185185195,52.96214814814808,83.86955555555564
287,6207.299936527777,7666.069419131946,8006.946396493055,7652.109601250001,6927.5407567708335,6374.092254270832,5948.2656521875,5659.486292083334,5437.625188638117,5130.252825802464,5118.89475128086,5139.807015408947,5628.491419498456,6130.492157908948,6773.2861478677305,7187.430493553555,7265.9037443444495,7243.525116954466,6948.892209285617,6782.403320022502,6664.263669895832,6500.876254895834,6338.894904270835,6023.631017534723,5892.645042673609,5697.388037534722,5483.597523289608,5385.09684580506,5335.254127365259,5338.908910190025
288,838.8063938221886,862.0660263129303,883.4623466988581,890.7240152122451,900.5888304758048,904.1083811387344,918.0700952785223,936.8803868064945,966.1238037526036,1000.173461393921,1026.75215612632,1044.4231367958967,1066.2375577490532,1095.2301109054795,1121.2685821796497,1151.9563124719991,1168.4166564131267,1197.6402378306805,1203.6695738892306,1222.8108713612876,1245.1620499908445,1272.8259387808846,1298.722535700196,1328.8906526709434,1356.2317452961895,1377.2602824540488,1394.6129862976486,1415.3862626709088,1414.8814474837889,1406.5745248906117
290,357.4396913580252,349.0742345679014,336.04077777777763,326.3363580246912,326.14495061728365,331.215802469136,336.8072592592592,336.6132222222232,340.054320987655,344.43911111111083,349.65151851851766,353.5055679012335,358.8966543209877,355.7553333333333,354.6794938271605,343.64874074074083,333.28432098765444,319.63132098765436,310.91383950617285,302.66428395061706,293.0767654320987,281.020987654321,268.9003950617286,256.9584814814817,248.52924691358032,245.25366666666667,244.22158024691362,240.03483950617283,228.51509876543201,221.3672777777776
291,88.18213125,85.16186875,86.17200000000001,86.17200000000001,90.17200000000001,94.17200000000001,95.17200000000001,95.18213125,93.16186875,82.17200000000001,82.17200000000001,78.172,78.18213125,73.16186875,75.21252499999999,85.13147500000002,89.66199999999998,75.172,78.172,81.172,84.39200000000001,85.171,85.751,87.171,86.171,89.171,95.18113125,99.16086875,98.171,103.1912625
294,111.73282699105988,110.2860575760746,107.0486162852884,105.12868499628996,104.2349674826365,103.8736940463948,104.5148790760103,106.50556527004059,108.4178553007388,109.42362617033335,110.47470006921093,110.0925802351514,109.12972036669422,106.52102037024729,104.64002358862032,103.73632463989513,103.20848155138442,103.51400697826394,105.00769101531105,107.55635628770376,109.79545204241272,112.48628450192024,114.40861221855776,116.76626630726835,118.37859161828631,119.8254383528751,122.55509747696057,127.9244021329598,130.0339950086126,133.0430320028562
295,63.61823456790123,64.47713580246915,65.09066666666666,65.56386543209875,64.34617283950617,64.07919753086419,65.4152839506173,69.06001234567901,73.30196296296297,76.2584197530864,76.0404938271605,73.80867901234569,70.78553086419755,68.24198765432097,67.28023456790123,67.16416049382717,67.599012345679,66.99528395061728,66.88229629629629,68.24770370370369,71.14551851851853,73.42913580246913,72.7821975308642,72.19235802469136,70.43430864197529,69.82782716049383,69.83862962962962,71.25992592592594,74.05930864197529,74.91501851851854
296,33.2519012345679,33.391333333333336,32.90267901234569,32.86309876543209,32.37444444444444,32.19476543209876,32.53051851851853,33.053000000000004,33.578234567901234,33.43404938271605,33.24356790123457,33.334283950617284,34.30738271604938,35.450567901234564,36.28786419753086,36.324567901234566,35.65723456790125,34.52418518518519,33.48835802469136,33.34483950617284,33.85718518518519,34.21212345679011,34.07169135802468,33.87879012345679,34.190518518518516,34.66428395061728,35.226012345679,35.713666666666654,36.39422222222222,36.76227777777778
297,300.03968570022687,291.04256661558026,282.7261960203082,268.50098287042096,256.967439566436,257.6570841541676,277.8849390757856,313.400929866665,355.3408564542221,375.40766299141404,375.61837590412176,354.4829139314905,342.37867886983065,331.050308700733,310.66663871077293,285.0488627032567,268.9806015128809,270.06776445918445,270.1799553311879,272.77417920314195,280.55474020787426,281.7740389158393,281.6575522707426,273.80177269894557,271.9202026483269,267.41472022819835,270.60262537084975,266.23722279651537,242.20593085908348,218.583416218578
301,17.86877126,17.689208779999998,17.185461475999997,16.195809674,16.502735108,16.647876043999997,17.603576276,18.235496834,18.381545305999996,17.717634104,17.216090815999998,15.627640810261116,14.673132561867863,14.331228724728698,14.246450567486809,14.22187358702153,14.35921736410146,13.818285103738358,13.488369210877517,12.57881203211941,12.73801460258469,12.211291973243641,17.403580377999997,17.56129717,17.882208382,19.014716074000003,19.986622306,16.422161224000003,16.989752065,17.936114940000003
320,22.085964075,21.861510974999998,21.231826844999997,19.9947620925,20.378418885,20.559845054999997,21.754470344999998,22.5443710425,22.726931632499994,21.897042629999998,21.270113519999995,19.284551012826395,18.091415702334828,17.664035905910872,17.55806320935851,17.527341983776914,17.699021705126825,17.022856379672948,16.610461513596896,15.473515040149262,14.796914104249273,14.115513548827478,20.832574874514872,21.036606946959896,21.451757285899095,22.91683838809832,24.17415563518758,19.56295113065977,20.297221300129365,21.521494100905564
