posto,2020-01-04,2020-01-05,2020-01-06,2020-01-07,2020-01-08,2020-01-09,2020-01-10,2020-01-11,2020-01-12,2020-01-13,2020-01-14,2020-01-15,2020-01-16,2020-01-17,2020-01-18,2020-01-19,2020-01-20,2020-01-21,2020-01-22,2020-01-23,2020-01-24,2020-01-25,2020-01-26,2020-01-27,2020-01-28,2020-01-29,2020-01-30,2020-01-31,2020-02-01,2020-02-02
1,80.65934442447458,92.08596720435824,111.9181212366247,129.62228770261083,134.56020052953437,127.45463404514328,119.15066562759189,123.26397901129715,115.63641220918124,112.53066136110026,117.94754459339704,123.84758510214935,119.80042746085127,108.38059865489029,98.72095607392353,97.47822522175008,102.58286189758313,104.94953358044523,99.42897934718586,97.06127735021212,107.38083348300549,113.13406930380344,105.14330249417661,103.32569998492119,91.35695819031706,88.9956237313657,90.40057141402504,88.19085537603247,83.122501656377,78.64008245939922
6,622.9814285694238,706.4370183697384,794.939684429507,921.3295976121537,1066.3485844265708,1168.577771517643,1200.386428716818,1143.80427647376,1088.5592746744708,991.7230588985798,954.8862861557125,1002.584840371672,1003.416399705664,968.1926299924049,933.7684412122015,904.741736426618,836.6063882359183,798.9828121838615,841.3219989818745,828.0924406765618,809.1115225314252,949.6132432372701,1268.6587976763105,1340.8602133542083,1190.5724728284122,1049.0157226026151,976.582866677812,908.8642185524417,914.1074495971072,896.2556908262437
7,722.9718240066054,792.2189904252674,887.7317874495411,964.4250299248624,1084.521884720278,1227.4518412063937,1333.9224330662687,1365.6024991487811,1295.9469804664482,1228.2315331426603,1135.7393182407895,1094.0112765030121,1138.5357157293724,1149.7297985905584,1128.39701852034,1108.6687331114251,1073.5248470306492,1017.357715543768,986.0518197538564,1041.2469560399327,1050.6958266522865,1105.1102068226999,1337.4077065076958,1657.3333840973012,1695.8566063805715,1516.0587411243887,1339.6180426698443,1242.0505504943574,1149.835794001834,1145.2976320711296
8,732.6640158725957,810.2742645923236,900.8601555468412,979.9528827160913,1085.7589806336077,1221.9586389199756,1340.719118324778,1395.0333245151971,1351.9042301233833,1281.1450490513205,1196.3049353784113,1137.829082402036,1156.9147041208905,1180.5681783613413,1171.9203246957945,1155.0635251092203,1123.3802433172293,1075.8134054784716,1037.9453694382396,1071.4121104664173,1099.4924270335794,1156.1957565385544,1356.077553369295,1653.021619080069,1767.987985520629,1644.9731235163767,1458.838456682596,1332.4206497480006,1232.290174066071,1200.144494731823
9,730.8594187667319,809.9340273436444,898.947929646922,979.1566306072689,1078.7223933172486,1208.5608280504666,1331.6396722859618,1399.7195937089448,1375.6374815870247,1309.6092390828508,1227.8787402152643,1163.106914693013,1165.9172707912032,1189.7520900990708,1189.156958940244,1175.3922033578835,1146.3692426844543,1103.132932982662,1063.5294388183881,1083.5834875839062,1114.9744387275616,1172.088663829157,1350.1968713710519,1627.9858131382612,1778.5334808227121,1702.2453597778563,1525.654530326833,1384.3768297017716,1276.1403764899333,1228.9890555760276
10,743.7208590516163,822.2735557281771,910.3827752346497,990.6025645579981,1080.171492861101,1197.3126787959472,1325.1684597405233,1417.135683897296,1427.867428774789,1376.3831589987458,1301.6990719368887,1227.5624636843006,1201.8799001880486,1220.1961110466023,1233.5661747176748,1229.2423802713777,1205.3509349938747,1170.9593473299346,1130.6579560014281,1129.9996430333938,1162.92832012559,1227.561303274594,1378.302339835279,1617.60810771778,1814.504525657476,1824.569477465745,1679.4539275855425,1516.5417353724054,1387.0149465962472,1312.0020244171644
11,810.0510379067329,884.1241476850099,974.6826650533368,1050.6793881879191,1131.2609298887637,1234.4292282239346,1361.3053947095045,1473.3853392592655,1516.7250395868687,1489.7980609483127,1427.8388839580757,1348.2955864718926,1297.6408960528508,1301.1962095163822,1325.4936305140623,1338.8452316705207,1321.9997854639828,1299.384224852367,1263.8593710315997,1252.6352276087796,1282.7522554255775,1372.2560121339438,1531.407170773744,1733.242291795755,1936.45267719011,2021.7078960737374,1931.143484536454,1761.6756501942884,1598.6568946249508,1491.0066853048822
12,953.6646422417183,1042.0501312109802,1135.6025824481453,1203.4895650254593,1268.0792248999087,1359.7604686554564,1481.8189629491526,1604.0233364400895,1672.1991184713715,1670.5275705972394,1625.103442071087,1547.2482157327597,1476.9262537462714,1452.637394529264,1470.3075814080457,1498.9367553138763,1504.8445149656734,1500.250294496725,1479.734723589636,1470.6085172903763,1503.9798645970097,1613.5449224098434,1788.3624896014676,1969.5504118687454,2146.938817019972,2266.1027885787016,2247.4941452949797,2110.5922052632786,1930.2707127338892,1784.1378189236702
14,70.40107477777782,68.4728719259258,66.40622188888912,59.97133385185173,58.19454199999981,71.55160766666677,83.11508074074065,83.25575288888908,69.20599722222231,62.889077629629575,66.38867192592575,65.56037270370389,58.29273551851854,54.101654518518515,53.51626979012345,49.57147856790122,47.85185464197522,45.04644122222225,48.12034107407441,67.78719737037011,98.40475377777784,75.37507029629649,70.45504148148152,59.95212651851827,55.34197298765426,53.59363644444446,54.7071168888889,72.72066677777771,58.41894540740729,64.29736566666665
15,112.6990528148149,112.66536068518508,109.36321390740761,101.04996253703702,95.82239592592563,110.04513383333335,129.8056708703703,135.74655281481498,119.92210005555575,105.75075609259258,106.55146211111091,107.36418664814828,98.7280037777779,90.35272568518519,87.59492693209876,82.8394079567901,78.92156504938261,74.88792893209875,76.96279081481521,100.74927555555544,145.22099957407403,134.47580470370394,117.39482922222236,103.0526426666664,92.58561997530845,88.30261271604938,88.68814866666669,109.62400283333326,102.4509347592591,101.95045653703696
16,112.64237657000008,114.35955261166657,111.41643046324091,103.6048683963889,97.91317769120344,109.91796860240737,129.28268880379625,137.0401408639816,123.69898815129648,109.10843542935187,108.04964579046276,108.87305888074083,101.28844669324087,92.75492633203707,89.25357568021603,84.67643894805553,80.59511888854928,76.51545238074071,77.85787494169787,99.28720409629625,141.8403490653703,137.83609113305576,121.29087359574089,106.39120562611087,95.28278211135782,90.16252781419749,89.97027890283955,108.65138110499996,104.88433228990726,103.54227316287027
17,1227.7161770197692,1374.7102683056169,1554.3246164277894,1736.0267446851312,1864.872357055817,1957.0198109324006,2061.197784281702,2217.555768175139,2393.621562528506,2483.8696418794952,2463.8928524494204,2383.971338812963,2280.1285231297784,2197.776834218391,2152.5730478256464,2115.2472343820873,2085.332444165884,2066.6065116731843,2042.6703765480297,1997.5987086519253,1985.6203992139538,2067.075560442441,2263.5933966389343,2499.544436458683,2680.1511882390323,2780.861413370927,2809.332490714506,2737.082926660553,2576.651537319606,2398.327828283163
18,1471.2117276232282,1578.0032720696422,1731.6197958893933,1868.8845807955981,2042.6459189873908,2184.679271711897,2322.72950643634,2486.466505642515,2613.356180931348,2803.6639130442168,2885.6095978780563,2857.7141517712225,2760.631782974752,2638.748698352624,2538.190186054373,2492.721903236328,2489.3868844363133,2462.889242725264,2456.772829076501,2449.5161433222115,2472.1782204929873,2551.058604415302,2645.3972926404813,2782.145768255315,2970.0796401778043,3126.888617610837,3208.454042805879,3222.127632664434,3147.9135003960932,2990.997538033666
22,64.359482190699,79.72324911854396,90.21921221725388,96.07759335738258,105.35400826600355,152.36578810155953,164.45500128769118,137.52885791391657,116.63078653745923,98.22367628344188,83.69792298243895,74.81566388900335,67.28415759702914,60.04619639321189,57.11939605987032,55.57754680280028,53.23387780238917,53.53068807293513,60.87998348868892,74.00015519500406,92.57451210836388,114.44418191983144,151.63611558886237,224.15527829275575,286.0892304911426,345.5018432241462,394.69831814918604,394.84135890086145,347.16263062171964,306.2512075986145
23,140.03383498705432,207.50674286687178,266.97359866208274,287.8391867199905,287.8528972373701,262.4365883550722,210.12623249632836,161.5850193276022,136.83348550759638,122.65974198909046,111.25577874974799,102.10904793127803,95.65150169915599,97.03005071800409,107.17234028411386,118.71254288155505,118.29564085320564,119.48578286117306,125.4480556084356,126.57667131796728,169.648147768494,259.9384801600771,334.04884541267023,388.9557876085534,419.50207048093955,403.050566882892,359.61785199871883,314.8645719037022,277.0878939550349,243.6571922742577
24,273.4248995849014,330.4653878478674,365.44277414104556,381.0832246308549,383.52387117845325,395.36229638764587,433.8888078009662,442.08718928075155,400.7192227551327,355.31778652002595,319.3254350420949,290.30907273172613,269.40304393100365,258.7110397747805,253.22234786307524,241.7848244145944,251.11692840425414,295.79752830046914,372.9293253638106,486.10125506066385,540.9889826970978,692.1883254861782,991.7526339121206,1124.8914767080396,1126.5947558122696,1334.2332835700768,1492.1951346088463,1510.9928022534132,1425.356081339984,1321.0386056858133
25,261.6677919473869,276.61631180727136,272.0414740225895,251.7022834627154,233.35194317054342,235.37907716022303,260.208743066343,262.69076993550664,246.36977236018774,240.1824102426363,231.62701733056574,225.16252374103055,226.72999422433688,260.1580627786556,305.4421893238256,365.7022242422107,412.4001863750485,382.0827077220233,345.66190075152247,352.85527099837543,378.00025493834363,494.6662977955563,754.7179596695305,804.9293768968876,765.5003569653176,692.9384278482984,695.4240467746504,628.7831925473577,534.3580585368366,516.3902018528726
28,247.20710068723787,272.34189819422545,288.8678451231313,287.2605536381335,271.2872327064495,256.02044333710705,255.7353973162577,267.10170607292883,271.3702513112827,263.341437660935,252.70274167094692,243.62123005817267,237.2957469698347,242.41816025368382,267.8991890488758,312.6736647982523,366.59947547770275,402.0704019080046,397.96503322684623,379.14651825865815,381.1604792401906,425.86505649073837,550.305349639041,717.8649940113382,811.5475269281437,803.27852032653,763.7681114956329,731.2316013664405,678.2299653160127,609.3325360460121
31,954.381932763662,1139.8345221443662,1327.7808607102195,1477.6378870802337,1518.565241717393,1520.5601230663815,1507.7191755471972,1487.2554006167818,1388.8793836109005,1249.905882384678,1130.025137828358,1035.2133611710583,963.5600615628679,922.9799166365773,940.2873716593243,1010.9130433810144,1088.07873533435,1173.0586397306988,1297.2403992810102,1467.1607368094437,1685.759624086706,1955.868310843006,2428.542517217359,2967.309635340561,3299.8106903694925,3592.139111274979,3940.716609624181,4006.4740631848845,3778.9131293097635,3427.2219309625384
32,971.2135921576499,1144.3753650925146,1381.178553155254,1541.765258174022,1607.8790134663213,1616.3872403118846,1603.2657163731335,1574.0323746534166,1492.645534195209,1363.18290044296,1229.9070064769012,1120.4700472438349,1035.2517471911494,981.0931592259282,989.6881216741524,1045.6701711129297,1118.3175746287632,1201.8831064108904,1315.1645895461902,1477.975267988391,1706.6849396996347,1988.7152099157015,2395.431548816871,2896.4457930819276,3290.1012537460974,3592.941920416499,3915.1521669164217,4069.4351590436054,3931.2358155945212,3617.6229312528003
33,1655.932246573419,1907.6233032858922,2590.9032989230573,2828.6650648672257,2852.6442008112376,2813.9059469772637,2760.9385895001997,2663.2561791813305,2542.610448183319,2396.4178190288476,2177.259131009646,1965.0392063237002,1775.604576369998,1642.9797948848236,1686.3622526623817,1742.8890813453108,1796.056792592555,1887.9089026460895,2035.4250536529303,2301.013896438244,2791.883294134058,3338.8279772303304,3700.406574273463,4009.2022236370626,4394.137732345698,4719.27347784996,4957.816105774222,5156.969236428099,5123.148859371859,4892.453627549903
34,3670.9566944589847,3872.850732262395,4230.7190782372545,4959.887392679272,5456.898424231739,5699.518846254584,5822.121247356923,5938.981016300986,6038.916671172465,6095.530299412889,6133.147143384596,5989.282791353063,5722.071829740679,5410.350457845104,5129.461513027643,5033.027999557517,5049.466210375785,5097.19194159656,5164.444878650336,5300.797683521614,5544.261814557056,6023.597066344637,6651.7039697404325,7178.7873733547385,7664.3752081998855,8223.021235363793,8711.68830659661,9040.209343724771,9237.487324835216,9155.602504584956
47,104.9125315961151,126.69740647887836,156.05796453903116,163.00385499306444,158.62067714900135,137.8697985208426,136.6830445457495,152.95066388920475,207.98162702013911,225.08010726253843,207.3229519156052,192.74422065583673,182.0644980077886,168.21710370362513,158.4546989614949,158.92499730999003,170.70177732994165,169.14999708178058,162.91957202333614,146.10210982519556,131.90814122078083,130.07736377358833,125.51383364178577,121.14611866589564,117.29237562147739,110.76082636718499,103.70770020238437,104.07890695496785,104.19872386512596,107.49889040021095
48,107.44409314852861,126.42766331077715,153.15462670738748,164.8880783445022,162.95335231927862,146.09814979049253,140.59867274091116,153.14206447882637,200.71389666135877,227.93600165417615,217.37381479841122,202.10167099278405,189.27262238874962,175.1202126094042,164.45840619832043,162.39211682883928,171.60758401753233,172.7032939154637,167.18367176143477,152.37909917897773,137.77111439582126,133.24983465009186,129.2257126224689,124.65467477777105,120.5618185594697,114.53713030536593,107.51941564168244,106.44203050141205,107.25136373165738,110.29473333500778
49,194.24741493409772,208.5196573368964,210.62049995527383,229.43306145441142,234.3403720967155,232.6847217109559,218.98589855598055,223.30581893880088,271.66021250632514,350.5865294749933,352.1927879895344,338.611924320581,297.3200195401405,263.46179177576516,250.61994444148007,237.2755197636401,238.25481820792777,239.0764974940859,230.5789372296667,214.93208507523366,203.21350113864008,192.957593972019,187.8589868707086,180.17391112524356,173.17756048077445,166.71024839112943,158.563590583709,157.55934415221458,170.73374329869222,181.48812344049452
50,249.56145533576773,275.0453592765246,288.1863764711446,305.37938867142975,327.59332824380454,343.3529712245406,322.87019209201316,310.84539420214645,346.9671162734304,428.8121328875865,462.5523710564848,455.3857091667726,413.70920268784573,373.1687316983422,349.0595274273598,328.6947250665322,319.13187444697587,310.7268146823484,297.09444060963824,281.56762877949313,273.8946313576006,266.746232389523,259.23734494411497,246.9237743347708,235.14924118085816,226.43883250181935,218.40112064070647,222.72330323876383,259.2224937021906,295.001488200135
51,250.3648370478544,277.38205301411733,292.558653415697,309.4357086599866,332.14721270747367,349.84110419183935,332.8453144169234,318.9046761556535,349.29023785241327,426.6175822724297,467.0639264787467,464.78922509724947,426.5990997392747,385.52160877580684,359.0256980455331,337.7103684339731,326.34479655869745,317.12236952237384,303.5484238568234,288.11639383732506,279.8955300938374,272.95021766832923,265.39281266092,253.24972466962754,241.06133191717518,231.8353935020849,223.69902085156738,227.1077099749181,261.8777971556843,299.60086155782284
52,256.8808679147439,285.5460455063899,303.3733193837674,320.38610057902787,344.72567489304845,365.52236664910043,350.99390112664713,334.71683071716654,359.67725439788273,433.2685916312582,480.34894288618995,483.313011826206,448.1626952674653,406.5600517389699,377.3619026403376,354.3474432596075,340.6649325145376,329.73840769475026,315.496971321596,300.0126904231126,291.73566433077565,285.2047779195396,277.5257559816637,265.0863809345624,252.15530084572976,242.24691798497832,233.94042384962017,237.12848824009976,272.5550657438761,313.89765081557726
57,192.63152471204015,184.36192201722375,178.18644288077635,152.81349219561005,139.6517207651924,132.69486533985557,133.89491099200586,124.9358999207705,149.2312711843172,173.34802602044556,178.18754962248482,177.58732782276107,167.963286921787,161.4469461083552,150.37932955150816,153.3902854624239,153.62543032569948,141.6123161690499,120.45107231940939,116.62001791663386,108.10287304450938,99.85097178048318,96.64912864550796,90.04971827538344,87.996927932505,84.98891101619645,83.79729170877687,87.7606635337846,89.096308386815,107.14629140324593
61,561.297148675283,634.8669630241669,739.5416980131272,787.9127861450359,801.7503282738654,854.8899861180073,912.0653945173101,1001.5202694817058,1021.7922437755703,981.1910706814149,1070.3068106467422,1063.8358687827213,988.5601910506936,858.0749590275421,767.8277628403841,729.9908360151492,701.6541659100988,670.3536878954625,639.3113706863976,606.0017906153971,589.0564613551869,570.1314951523149,540.8823434539,530.4611876402905,522.0701783027461,494.3267025115298,470.0520759791252,465.6801084150561,504.2888651409519,577.716586763508
62,627.823725329749,677.0880630475017,779.9834855501826,833.051809341834,870.6683315523414,944.1259171168484,983.0875895703106,1059.3937318393878,1103.112351667259,1076.251387881669,1121.178284105056,1140.4405038910404,1081.7376560966336,968.5004791510223,862.3426455930837,801.822468432747,765.5977065768707,732.0686643638956,699.8152661041274,666.9206846599562,647.1514965965933,630.3017319711623,601.2998607027324,580.091972007719,570.9283418161939,548.5084739357034,522.9984356453773,511.2634642106362,535.4752221558092,595.918438442512
63,788.2640888072958,814.3795852727677,910.3005100587611,952.0885011772298,1023.0303086424287,1159.0703991602106,1178.9756111234628,1232.151582895201,1286.8622988965153,1277.7899052191326,1295.385814710493,1303.0038620454054,1265.8022954239498,1174.4301904849906,1063.4257578253334,970.9073367490771,910.748850321453,867.7411295430267,832.1440992192687,798.5340483707852,779.4092878961303,763.9354887762986,733.1720726182288,699.2658545756259,683.1595568684502,663.3169039263286,639.8515923358377,620.9574336287424,629.6439583521803,670.2937515713202
71,43.87351851851864,44.831641975308685,45.493469135802606,45.74755555555539,44.90904938271589,43.52887654320974,45.59502469135803,50.12909876543227,55.90545679012345,59.26481481481492,60.04667901234557,58.24520987654325,55.102691358024686,51.775320987654425,48.6272962962963,45.209209876543156,42.360234567901166,40.06802469135801,38.47025925925928,36.88329629629637,35.73648148148146,34.54403703703711,33.03523456790123,32.009456790123544,31.983345679012306,32.71219753086418,33.961111111111045,34.4156049382716,33.814876543209884,33.0602037037038
72,46.085565666255256,46.93795885761321,47.69963239835408,47.824201365020464,46.97726051008212,45.96684871687224,48.37361425493824,53.64679330185204,58.8838310713992,61.9394654849795,62.781631603292105,61.24878480637864,58.30518282716049,54.93230419444451,51.62813043724279,47.85777468930037,44.712868223250986,42.32014054218101,40.55097393415638,38.93595906172847,37.80698037345681,36.496431620370466,34.83176891255141,33.65261271604948,33.83368959567901,34.632183570987685,36.25009086831266,36.919841091563754,35.87249329835386,34.852978009773715
73,54.851645756378744,55.67472678060701,56.74575143588512,56.25992765177989,55.08536290074559,55.39402370259737,60.07184187600295,68.9333265319756,72.41871425534991,73.60444049470162,73.99069854688784,72.85072377232007,70.36381306202159,66.77791798387337,62.900156385699475,57.656056796322005,53.46384877919245,50.79683723863148,48.523869281610004,46.78799001666673,45.842016994213125,44.054333070061936,41.68266288415623,40.01168757893536,41.26016971550938,42.54597908765455,45.7623317839761,47.10323470444945,44.03274440136289,41.89333729067633
74,255.2242719793175,266.97577729369874,289.4901997841427,305.0957596952557,290.70724157341635,270.68170297421005,268.1832918445251,298.98459394791945,326.4570428890559,321.23904049860147,304.448022030518,293.27030841501136,301.3234335917662,312.7971225066301,313.6884124943608,291.45268150388017,259.6096373236643,237.1989482664472,221.77219709526042,206.59281048804155,196.2983473933424,192.6360185981543,176.09735143934492,161.46474528844834,154.40201527773772,150.7648372274572,168.95379738291626,204.14567942139178,202.55950511187854,197.24778400713092
76,277.8439108869829,305.8258120129866,324.19420718665407,340.08517708673696,339.5176229980743,329.1672183644373,330.3365968376866,362.99350415524424,383.243356857705,384.91039051910536,371.05857146617535,358.01020267729143,357.68389588943705,366.09180015955087,369.6719765425194,351.9481742641208,320.0659690542143,291.5482733370016,270.0853738122353,254.21534730843558,242.45979607725107,232.77480777079376,219.29326403310307,201.31989048774267,196.2400705380356,193.52289139017614,208.66257352287403,237.92989706492014,244.785395906217,235.72081236950348
77,345.5230505815349,373.7246606368276,396.7756620465981,411.91686619623925,417.64233160264166,410.92440015333983,419.9845734460257,460.08487768529915,508.49495468310755,526.0209115340595,516.867850884196,495.5916259440198,481.2258813502123,480.76635876892874,481.71777380301313,466.0343694624688,430.54115214675454,392.86833955029533,361.8608720023854,338.7535644850155,321.61632829083305,307.632353365469,293.0630167118937,273.89590656990725,263.2344267725461,267.18951960059167,283.98933515159445,311.2751721151734,329.53831189183006,323.38280012304637
78,347.977015939701,372.3299671730484,397.141264192527,414.7501882524074,424.0701682758998,422.20013366462285,428.86751701111024,462.2040690744908,513.6654918599467,545.9156818091258,546.4664047401576,527.3528058690933,507.77936804207644,500.94711280742644,500.82781198325563,490.63345764880677,461.0616646283021,422.621596213635,387.38408571771845,359.97293575058643,339.5124250310016,323.4877077621482,308.84578005829064,291.0281703512905,277.06907842885414,277.52472510742473,292.1042171534915,316.13364941738575,338.86305472563043,341.95681421559493
81,437.88190339036555,448.5717174941433,468.22699813285806,483.0152694183749,493.75065766727107,495.48219763743737,528.5596290272663,597.6405160157406,692.8939078688634,755.6151598968949,766.3359149936001,737.1805123664975,698.7669441444647,678.1230328251261,669.2218930916265,652.599672810038,615.0716658157202,567.594884536305,518.6811615293965,477.7030116018945,445.60893344723854,420.34683953668986,401.3777616326346,380.5681819338501,365.9169914997946,377.7201239637536,409.928470108681,440.080529955681,469.2998315407648,476.88473357329985
89,57.55229043289938,63.79066915331711,67.62411905483198,70.52413716576189,70.32335965470207,75.7728106941647,80.72116208472546,90.18285238427057,190.46768494049354,228.7035121847223,179.7444813731582,167.75733703486128,147.7020607925415,135.34556364939658,116.38658967796607,101.82197034686054,90.12662965313947,77.54938477971113,69.88173160808232,65.69777602378467,65.45059847125772,68.28040724679923,72.54258969506158,73.58525351432047,70.56350046598175,67.53447044048075,68.64065568797736,73.9709890975858,79.90411370335802,83.52440610171425
92,235.62840413724027,242.8651614466327,243.56484085985485,238.7561092245712,230.873337121252,216.4386221802247,218.52395166321693,269.88815269638417,412.6624934729803,599.8127158930256,663.5268403995165,570.8267842337157,484.41670910239833,457.08016017857454,481.07129556801493,491.46509417084565,435.8934898163835,377.5718690503652,327.47237740613,298.85810402185075,277.5174663034999,259.7666484172124,243.00288177438247,232.08275335714998,223.84484671409456,223.6393178559686,232.72906674041604,241.9761281752361,248.95754949274234,248.2239574171877
93,9.710200830246466,9.328895274689799,9.874415604938893,8.569056685185384,9.298452336420368,14.306237981480992,27.60106011419692,37.67146988271726,36.78652233950648,29.376808756173414,26.168899512345646,25.34583892407398,31.56772216728353,38.04535524197519,39.21850962037017,34.86297881358054,27.273108775308827,23.76165305679057,23.524521634567783,20.095141977777807,16.59181358024637,12.741469972839573,11.143574314197338,9.93961064321027,9.543804876543179,13.333558327777949,17.767183914814677,18.191212279629863,14.360641270987578,11.753968558333412
94,290.401831893211,302.5536042945095,310.225870220339,308.1887786197253,301.0960090280246,294.98171449082366,295.7876888200754,324.38851717656047,401.61793459381323,548.552332763936,710.6010262345247,747.4318133908324,656.1384146539724,588.2024170366599,574.421014681335,595.5115624935457,591.4038450407088,525.664801988435,462.2319544966213,413.4783447329375,381.12279667366886,352.3480346910776,328.92688626253926,311.5829068528194,304.7911271656901,310.5691027788596,325.403919906577,344.32915652506387,357.7791194586182,360.263653516155
97,27.849914199383015,63.979497975885515,84.07923989261985,72.71419694322326,53.19187737530849,50.92996607592556,74.79522230617243,112.61811840185261,245.36936568144162,203.850241421014,134.0559500555688,111.25251034814822,94.62704413518512,90.30751177037035,82.2572177259263,62.18385179440456,52.04258815126124,53.27830410124759,52.788092722222615,55.00323561354031,43.004722151260424,50.105053700013954,62.670977981441254,59.85017002224852,52.96233149507557,59.28274743086389,74.36507897962898,67.67723551419792,64.7754963191357,56.80142674074156
98,12.702194444445006,59.34325555550154,68.71817777783227,51.164155555555276,34.040758333333315,34.97666388888831,54.85426666666619,72.97177222222338,232.53984722216867,135.40469722227513,93.44921666666663,80.0494583333333,56.32041944444434,57.83957499999994,52.48811944444506,33.627791666613454,28.802891666720093,26.737088888888366,24.941355555556196,25.92666388883535,26.240444444496763,39.90357222222338,61.55211666661274,41.436302777831,33.49459722222288,35.00446111111042,54.26713055555505,39.274313888889516,39.05524722222168,27.65268055555642
99,65.68071797839919,66.00805131172562,65.5860179591088,64.83131793981148,63.262641010803854,63.06501026234789,63.80904361497162,64.75805644289957,64.7523897762329,64.13805900848655,62.9150641396605,62.1862746141982,60.08788800154656,58.08867579089531,56.36709085648149,57.545905439812294,60.43234548611571,63.666773379625226,65.46990657793152,66.25763512731469,67.20187397762304,68.04760509259314,68.1026076581801,67.49127689043375,66.87994612268739,66.26894868826746,65.32495125386133,64.18832307098545,62.443030787036754,61.640569270827534
101,25.006487096626326,24.233309955995598,26.402697160341035,24.04617614365603,24.262148193986064,27.1268303080308,24.333134625962597,113.23774660799413,88.14901356802346,45.27545814998167,43.10242872203887,28.302078061972864,27.195598414008067,52.2399649339934,36.246619911991196,28.133485286028602,22.253274889988997,17.378987784195086,18.087632127796113,18.202253392005865,19.28876810597726,19.1467952420242,19.257711541987533,18.137921938027134,19.275458149981663,16.46292709479281,29.02587607719105,45.151231894022736,48.202253392005865,33.31095136596993
102,85.18749731481232,78.70511323333254,73.63076183333197,70.16988847407518,69.82384192963075,69.40559357037137,73.4503081739899,81.52401525547212,95.09421469250778,111.99407369999999,131.10759447045314,147.31933153333352,164.19108279999813,176.00209202584244,186.83268647415844,175.24749157045508,152.134580263045,125.89592127037005,110.48983738888901,102.2166519296305,91.40914617407341,82.29366125177003,76.06691390362107,74.2911777037046,71.4758924667487,70.52031050749018,73.16478297777714,75.82073418888827,81.9618711962959,82.23163543888813
103,87.12389518832192,83.93204971542141,78.17128151491548,74.01174063044625,72.55349688927431,72.14511052049336,74.76581854512638,81.71913476462923,93.85630137451746,110.2121830919392,129.2582486652171,147.0994911282253,164.36837778213769,178.40648225321843,189.98754345011008,185.88061207189023,165.9728862452882,139.85748877320157,120.05307765872836,108.95361633129384,98.63691464697207,88.58387507226323,81.10510995523555,77.69222393759182,75.13867774829411,73.49108987394825,74.96379936847167,77.7148844406336,82.85537836076493,85.2073220916066
110,14.092934567901237,13.732765432098788,14.143867901234566,14.169167901234568,14.194134567901235,13.44749629629656,84.06734814814801,60.940099999999866,29.713099999999997,13.532396296296561,22.814555555555295,36.72344444444471,46.00140370370344,36.91825185185204,29.835,26.852700000000002,21.8704,19.118214814814834,19.48573333333327,19.50073333333338,19.900902469135715,19.529133333333377,22.24275061728395,22.255083950617287,22.266417283950616,22.6786851851851,21.97021604938276,21.647549382716097,16.62735185185192,14.484553703703739
111,59.333245092592676,59.114459290122404,63.94770466049378,68.8436879938278,78.97642472222238,95.41780620370307,121.12632962962891,188.43891799382646,166.00158487654443,139.32202993827187,125.80047663580402,136.51220246913547,144.1772613888887,147.85864101851845,132.17756796296192,120.02771231481601,105.14667280864037,94.57008487654315,84.3754996913574,80.58658425925971,72.02808885802472,72.30355274691422,68.73261635802496,69.34224722222356,67.61269938271514,66.43151848765523,68.64556851851748,68.97316790123531,67.50703580246848,62.00092884259339
112,59.6049274012347,59.12989882973152,63.68995238811718,68.63589919290185,78.44979084079236,94.62232868209817,119.96711957368755,185.83101167965464,168.48517508706385,140.77216886779868,126.72404689647783,136.11441065316336,145.03898980851318,148.16519954783945,133.33336791396508,120.88387692785602,106.10008667078044,95.26473766113669,85.03964651234507,80.85375796862179,72.56915703793729,72.39797751466111,69.02436748649718,69.48090001954861,67.82118403883666,66.6020924528043,68.58788401838898,69.05004441615291,67.76128388374427,62.52120178440144
113,62.02841827789601,59.335871037863676,62.60586418183051,68.6901151424065,76.43010193792698,92.65068063358807,118.83308640076784,192.90223244116874,202.38922714014944,148.0472779337013,134.78788980326667,137.92086534935294,172.35799690449215,159.09602031332855,144.27360147617284,128.69469585729217,113.33792777608053,100.88856858986243,90.27813925664692,83.37213883994787,76.50695149811726,74.97901979027316,72.1770328622914,73.34581013246098,70.91332290422415,69.38998977919596,69.51893033308201,71.12587135043417,72.1503298360981,69.02588083043555
114,63.72840175676782,59.54064746916133,62.574066245276335,69.91779033016023,76.68094792515083,94.42833375089856,123.76219487157994,216.60137735615203,234.71439009435818,150.44043217285872,140.27210629388674,142.49693270159935,203.86762948969454,172.70254076018284,152.79654140179517,134.45344067289366,117.779618046131,104.54855209669543,93.60829566404922,85.25796124249554,78.79206268921212,77.86380340402621,74.8305778287351,77.72631238324098,73.97653756095607,72.20356999273875,71.11943262481817,73.50014969693326,76.6183249547511,74.8843236278939
115,13.753209876543224,13.90719753086421,14.462753086419768,15.451074074074066,16.488777777777784,17.253000000000032,28.272518518518506,25.6114814814815,22.764259259259244,19.718296296296288,17.877580246913578,17.798,18.809135802469125,19.386629629629624,18.925209876543217,17.74498765432099,16.232975308641972,14.624074074074086,13.15218518518519,12.126617283950639,11.403185185185166,10.809716049382727,10.288444444444433,10.09775308641977,9.987308641975302,9.91577777777777,9.677580246913562,9.183209876543222,8.460111111111106,7.951185185185183
117,39.44,38.436,33.43,31.426000000000002,46.421,52.417,46.412,37.407000000000004,27.401,25.729,26.640800000000002,27.13566666666667,32.503,44.376,47.373000000000005,52.369,35.366,29.363,23.35966666666667,23.9574,22.155,21.7532,22.351799999999997,22.350800000000003,22.550400000000003,23.350600000000004,25.01766666666667,24.352,44.354,61.357
118,27.191218600000003,21.7784146,15.824600300000002,60.377325199999994,73.3324016,19.8420677,19.018802899999997,18.3575981,17.5343333,16.8731285,15.455913800000001,13.282689199999998,108.886745,125.08383169999999,35.94029780000001,22.155204100000002,18.25695884,14.034809660000002,17.43045284,17.423646320000003,17.255914219999998,17.251052419999997,16.43702504,15.137952080000002,17.24327354,18.05308736,26.96719766,32.1002861,56.14188709999999,141.2290592
120,51.97377777777778,47.22840740740777,42.48303703703645,37.738666666666454,32.95571604938291,29.754888888888924,28.13618518518538,28.177098765431822,29.83838271604935,33.19719753086418,36.5177654320988,36.559679012345676,33.32293827160482,28.38866666666665,23.49330864197536,20.180407407407404,20.224320987654284,21.888938271605145,24.91775308641954,25.91603703703707,25.960617283950615,22.982716049383104,18.67953086419762,15.330716049382348,13.679098765431922,15.345716049382785,18.74811111111116,23.732629629629542,28.833222222222332,31.325814814815292
121,71.48608425925968,76.77519629629694,82.67578333333404,88.60703703703705,94.55432407407355,100.53959444444429,106.5446564814811,112.569910185185,118.6142222222234,118.81268055555799,133.797382523144,134.0575804398159,134.31777835648256,122.57397627314926,107.91605555555576,98.13821604938181,84.5023407407401,74.65091956018519,67.76265127314839,60.859149652778115,55.72363842592638,55.79390092592638,55.86396342592534,55.933225925926386,56.001888425926396,59.07914340277781,62.175729629629245,68.30909583333332,70.61648394097114,74.43870370370234
122,78.64032363829544,89.89375739814915,103.86160555185292,104.88706793703571,110.62689324814818,116.57650502017857,124.8053749722225,131.10058011717777,137.89043529428605,141.45043038703713,162.5092686411778,161.3356400074556,154.00164517393145,141.16301059602645,124.7442431464478,112.80415443090624,97.9267743776707,85.83158188731625,76.8247106903737,74.78974242115247,73.54093363615092,69.99575637021316,66.77574378706869,64.5349762452427,63.46734156684773,65.48647327950991,68.75427151084709,74.1078438726367,82.34655182900424,88.96219426273262
123,163.26778314952304,258.29642485153636,358.71978335599954,310.5464692059871,313.47459032563444,321.0687195292443,346.919019411117,348.36870598767814,358.7885137749374,383.95072002580935,492.5136239039554,447.7079296341517,377.53821744554153,350.7204834401155,334.90601014668766,317.65053991391915,279.7676298529002,246.79511748113305,215.0236177763697,252.07503806595398,285.11444222230983,253.61080863878198,214.99051290373765,189.45082055370148,172.29820099029538,161.44140574172255,157.18666533136533,153.66736797021824,207.367014409239,246.28768232149798
125,207.57467795537355,327.05829796433784,460.89652485153636,544.9904796522959,429.7063543911723,433.71701872069616,443.5080121218369,479.8778305222281,483.89626154323366,506.70425821938187,535.8843829887722,596.8586239039554,519.2324851897072,559.2145507788749,541.4467426993748,443.12201014668767,390.52449053120307,334.00014837141873,300.25966069100957,270.8698770356289,399.6286306585466,441.7827755556432,332.3614753054487,278.29485858275,243.53999339320762,220.729830619925,209.11310944542626,206.93949249185917,211.59304698256392,269.7520699647946
129,526.3983309952105,634.5653240744939,970.6089614935161,1098.6729220441136,974.3575133228942,970.8955429275447,998.4388803772175,844.1780835354344,792.8316871625722,808.90564562507,836.1964204713504,770.0754352191171,800.1074481324257,819.5241721954649,1050.0278809732392,796.9657017546335,712.7877745263431,624.8993120684586,578.1849149995774,533.6360415470662,513.9179160636852,696.5000781102808,733.9749903458008,613.9650787162013,522.2478961927775,535.3542070357852,488.38507737994655,445.60403361343185,433.91629393465104,435.2242514937422
130,713.8781916082538,736.0880399210887,1009.9208199763309,1194.9390323085252,1144.254413870316,1081.5427532260187,1087.1349733122818,985.1364069108688,871.3925918241042,869.9215629323625,907.04459391503,869.7413370989055,838.256882669576,879.882947868787,1029.0427434680967,992.42009947432,790.6698874146741,703.5775714259105,636.5947162474137,612.5248042510445,577.5199613525425,718.2262459818126,796.5475571612477,742.1429616482876,600.4476745075787,599.5969795754784,561.9358653538299,520.5062170758171,476.1229788831143,484.7800537453555
134,49.764185185185156,76.24366666666666,75.82500000000009,80.86103703703704,72.22014814814818,69.071,59.579259259259175,62.03196296296302,59.041222222222174,52.86429629629636,46.23466666666662,41.484666666666655,42.41419259259264,57.46308888888881,98.16103333333338,148.4146333333333,166.11267777777775,176.58849999999998,220.4542111111112,275.3846370370369,556.704051851852,1166.4771703703702,1472.7965851851852,950.9503333333334,465.9548333333334,368.6271,310.5215888888888,222.99015185185195,170.5420481481481,139.9282777777777
141,284.5870288593444,348.4916739069626,401.59628585525275,518.0024494664189,429.2529943832989,358.6224834994879,337.9356578683647,303.01829790676044,273.6945074319899,266.2092156580876,279.85223946326784,313.5212765252892,323.72987468344184,323.8930568945401,357.3998856532276,426.8249182329293,481.58416185126134,536.0598738485295,693.2879348429504,615.3546055823474,946.1210432893948,2362.1087339575124,4124.77630197593,3571.9538895069236,2905.5843117867253,1699.2336906973696,1319.6524405622786,1042.105370829808,891.5951175064345,737.6668730269988
144,460.92475104146115,526.0054173541548,580.8577452332377,654.4442353658728,657.0848517682817,580.3448808183086,528.6859713009427,496.06606721141446,463.8600799620632,449.1320586811672,439.5960088986322,443.1470918965757,444.4142725054499,446.3312127192161,463.8703173887679,527.6454538074304,634.8400654608091,683.7123911086844,786.7325930679204,814.8973206405947,1130.1036802445628,2652.1399418309784,3850.5574140681592,4346.214061011231,4179.566606185199,3697.518771746375,2549.1208959228875,1752.7096660924929,1501.7311621368772,1330.8688088237582
145,166.4172222223029,153.53541666675102,128.20832407407767,117.47194753085905,111.68083950616649,110.16866666666668,111.05034567903517,112.06386419755243,114.27987654324528,114.56787654321852,114.72603703705202,113.68370370370093,114.64303703705225,115.13953086421009,112.63835802471027,109.13951851852602,106.7741851851837,108.2800123456751,111.38418518520167,112.82435802471049,115.19620987657883,115.77288888890239,115.42355555558703,113.9457160493938,110.54153086421009,108.73569135802585,106.5991851851927,106.92951851851724,107.26218518520166,107.59551851853962
148,396.646777495827,457.3539001177214,513.300802148083,591.2462743012678,595.6067908368959,515.5396514020416,466.7613847603152,436.26511991379715,404.0399616115048,388.5403924925696,383.53031934462837,394.2678043376427,402.4038274708779,405.2725925899168,422.9861343565075,483.8217155565043,576.7609443407065,626.362878934203,731.8814362449242,761.8095776964451,1019.9425474698,2353.9573657114165,3683.505727832462,4193.15844657939,3854.300011380621,3211.291596443437,2171.2473086876944,1543.3295957284506,1315.8400170338618,1153.0274181093093
149,121.38145411886694,143.41490143596275,240.6333420172037,189.66943391365464,137.5202666057008,126.59051208645424,107.30509600481857,83.15599942960749,76.03411693948493,93.96046966518797,133.44307653790293,152.91945078212464,146.0845152186802,145.67193646982003,156.27049352975553,138.81763762158914,137.82185622555295,233.27144153965136,133.80276677072678,145.01858079404334,583.2764878893862,1688.6349102368222,1406.5772068820768,1215.9788550040205,457.61323051374524,294.5400369485693,292.86794962127175,273.6333464227887,211.7537836468734,198.91022513835097
154,109.59527160493822,108.78141975308638,108.77808641975305,111.26979012345684,119.60287654320989,126.84535185185187,128.8451049382716,125.17852469135802,125.51878395061726,129.43885185185187,131.34348765432102,131.24779012345678,128.90595061728396,125.65405555555554,120.73616049382719,116.06440740740742,113.48393209876542,117.9096296296296,130.75960493827162,142.76853086419757,146.59414814814818,140.49461111111108,132.56670370370372,126.89419753086418,121.80425308641979,119.21585185185182,117.54951851851854,120.24385802469136,127.33480246913581,131.47496296296296
155,85.32568726401041,99.18895226158631,105.60414986290408,122.40715102657599,119.812794374896,103.83138115961626,107.05144587855415,117.7647151292557,123.21429171582453,112.51443722918584,96.87805856545718,88.0542351661995,87.9601583046728,119.40529873302981,158.2578507586801,178.6668349022497,196.01482391038184,213.51211407927062,215.82284956739034,228.55107080454448,332.1559682457313,429.610154784342,496.6706163409032,553.9807166278971,663.9756625718258,718.824701485841,715.5690726407754,656.1357876868523,602.2969493474509,573.5547232870491
156,438.69329717397943,526.2574756313278,643.1859884987894,814.802335309935,837.3707208311008,759.3807709360088,805.3161529650748,749.155410144325,749.2434302926056,723.51102172005,659.6435018878803,599.0490961450456,562.417427773295,564.9297865514772,582.8347035281586,635.4008664135204,691.9174919852011,735.8363182345274,744.0819102911609,796.2241330185846,943.8962552482319,1322.881742219252,1876.7761624456473,2391.108369462734,2686.004786696271,2803.4375430816817,2770.1225905284437,2565.1156489077453,2350.8199254914957,2261.8750941565095
158,18.35304814814818,20.83063209876552,24.040907407407435,25.78329012345672,26.53919506172839,26.374713580246915,24.930211111111092,23.699914814814765,22.20281975308646,21.319955555555573,19.689811111111165,18.76614691358023,17.89327530864205,16.809583950617366,15.473472839506206,14.645744444444384,14.923587654320793,16.706760493827105,19.95664938271601,25.923587654320993,32.70134444444441,41.91099012345681,51.35281728395059,61.104286419753066,68.0400641975309,71.27310493827164,70.81119135802471,67.0462654320987,62.089104938271646,59.03505740740746
161,211.645,181.62800000000001,229.607,218.58599999999998,565.569,580.5519999999999,228.531,193.508,316.48699999999997,233.466,135.44400000000002,109.55299999999998,369.528,530.39,206.374,131.357,112.34299999999999,96.329,85.31666666666666,86.30499999999999,148.296,88.28799999999998,72.61633333333332,72.61233333333332,88.276,144.27599999999998,132.278,100.281,337.287,610.298
169,1770,1739,1760,1716,1668,1615,1589,1561,1529,1536,1593,1659,1787,1956,2028,2115,2187,2304,2672,2753,2667,2286,2092,2000,1890,1815,1758,1783,1867,2026
172,1789,1764,1770,1739,1760,1716,1668,1615,1589,1561,1529,1536,1593,1659,1787,1956,2028,2115,2355.8271604938273,2576.191358024692,2995.5308641975307,2906.876543209876,2761.691358024691,2288.7037037037035,2092,2000,1890,1815,1758,1783
173,1789,1764,1770,1739,1760,1716,1668,1615,1589,1561,1529,1536,1593,1659,1787,1956,2028,2115,2355.8271604938273,2576.191358024692,2995.5308641975307,2906.876543209876,2761.691358024691,2288.7037037037035,2092,2000,1890,1815,1758,1783
178,1797,1789,1764,1770,1739,1760,1716,1668,1615,1589,1561,1529,1536,1593,1659,1787,1956,2028,2115,2355.8271604938273,2576.191358024692,2995.5308641975307,2906.876543209876,2761.691358024691,2288.7037037037035,2092,2000,1890,1815,1758
183,65.83810646522635,84.02636028395062,95.69172479403292,94.06750374341564,82.24678854012346,71.07206232705761,63.4115170712963,58.59096514876544,55.16745914187243,56.69118034444443,60.80435369465021,66.76756780771605,74.89110038981481,84.9942725467078,96.0391980536977,100.23528408775721,142.47623871409465,171.46581451326202,184.96419259278275,212.52148829927984,433.87743133235136,696.6220128277779,752.3635120129629,556.0815037516461,346.1386799219136,269.247392387963,229.6772562441358,190.63964168127572,153.22848944999998,139.97038651481483
188,40.440603703703914,38.23349629629608,42.90131975308681,54.00722962962942,74.11954444444473,111.13218271604916,329.03316666666717,463.38510123456757,364.7024555555553,280.0580938271604,185.88895432098775,132.56829506172886,105.42942592592584,80.39227654320963,70.13632222222155,66.63722765432115,68.83202987654344,71.17313135802546,76.66576296296222,79.19058024691407,85.48653333333331,97.52797160493817,109.53188370370333,120.24438518518635,337.30507037036966,766.7490814814828,1296.092240740741,1857.9103518518505,1826.5941037037053,1956.589040740741
190,349.73589382716045,393.6842234567901,432.10722839506167,454.77013456790127,461.80958395061725,465.658675308642,461.79105061728393,454.06136790123463,443.8073271604938,426.5025703703704,405.67482222222225,371.9467333333334,349.1327851851852,337.2339777777778,336.91294444444446,325.02050370370375,315.463062962963,303.9039222222222,303.92185555555557,313.18386296296296,323.78453703703707,334.3955444444445,345.67758518518514,369.2073666666667,404.31055555555554,427.5139703703704,438.8129777777778,426.9675037037037,403.5499555555555,386.22097777777776
191,366.2080553588962,419.09012297578334,535.3903620934576,864.4899057410744,1218.4759096824052,1064.1706567218012,781.9056168199147,716.5122064716811,679.0992961277783,565.9940716873105,469.2683074733743,425.0355791518182,403.9784441973645,399.78731300550174,415.7275219019777,434.40690569850545,480.8984857405218,495.0528911613019,544.7591090784392,711.1977623787337,888.525626565447,1349.9146963639118,1796.0328541557417,2093.8107403531885,2392.146652162185,2219.358739345556,1689.4564314730883,1272.4186167078979,1025.9129776726045,874.9717074735292
196,70.76903703703704,100.65329629629628,80.74951851851853,63.67544444444444,45.79118518518519,40.83185185185186,40.56796296296295,35.67444444444443,29.914185185185186,48.84937037037037,65.14566666666667,50.63177777777777,33.86325925925929,47.51230740740738,91.56886296296298,100.1059,95.35679999999999,120.0337259259259,125.56250370370373,106.73007037037038,186.36995925925925,304.78299629629635,443.8153037037037,321.6218592592592,190.21182222222225,140.10624074074073,115.03316666666667,99.49712962962963,90.46572222222223,85.7305111111111
197,31.395222222222223,55.79237037037038,66.12107407407407,59.931259259259264,53.352555555555554,58.047000000000004,49.58403703703704,55.08766666666668,52.425629629629626,42.037740740740745,36.27848148148148,31.699777777777783,31.087666666666664,32.77385185185185,33.087666666666664,35.27748148148149,31.235814814814812,26.930259259259262,26.698777777777774,25.309888888888896,27.81451851851851,35.59229629629629,36.4672962962963,31.666370370370377,35.00433333333332,33.16174074074075,32.93025925925925,28.467296296296297,30.50896296296296,30.20340740740741
198,111.90853086419752,149.83357932098767,207.02869413580248,162.48887067901234,154.08407808641977,120.62942407407408,115.407887654321,121.50211049382716,110.70822067901236,92.60309043209875,79.26875555555554,70.67424104938272,72.80530092592592,73.48489660493826,73.05993055555555,69.07804783950618,64.79293981481482,59.66736111111111,56.795447530864195,57.436265432098764,65.77172067901235,76.72837037037036,78.4469799382716,72.97481018518519,78.40266512345679,118.64861419753086,87.70648456790121,78.91674691358024,75.53383796296295,69.49506481481481
201,13.468086777777877,15.359109777777876,16.154631,34.63565399999989,18.365840999999868,18.442444666666734,18.46395022222226,17.580010444444476,15.790625333333558,33.72380966666653,17.99970233333335,16.374900555555467,13.707737666666423,45.78450266666698,28.361895333333187,17.307951999999865,14.832803000000068,13.070848444444445,11.967227222222153,12.225258777777752,13.049457000000132,23.19526900000004,12.080205999999832,11.526143888888761,11.178833555555487,11.530532777777664,12.490725111111166,13.601473888888998,14.151076888888902,14.163014666666601
202,5.474370012345719,6.243013679012385,6.566368999999998,14.078345999999954,7.465158999999946,7.496296074074102,7.5050374320987805,7.145742641975321,6.418411703703795,13.707708851851796,7.316334703703711,6.655901913580211,5.571780851851753,18.61001585185198,11.528252814814755,7.035159111111056,6.029085888888916,5.312904641975309,4.864315987654293,4.969198012345668,5.30420966666672,9.428175444444461,4.910238444444376,4.685028950617232,4.543857802469108,4.686812901234521,5.077102049382738,5.528587839506217,5.751984839506178,5.756837185185158
204,671.711826306713,616.4457390379486,578.3062490284144,572.5687371216609,581.6589054869054,584.1122686039863,551.2060490488859,510.0408186096733,476.23659041721527,466.16339327967074,459.2703255913633,467.88242696892473,497.78003689795923,552.1126621164229,611.3667036215485,673.6440371137395,726.1705862189766,771.2749591350074,782.856204278883,756.6617896384599,699.0472356446792,643.6078289690114,609.1506479438356,600.4983694372534,621.0821913584975,655.9821219885616,690.8519121151046,695.5037412405447,682.6143055474993,670.2109027934424
205,152.00280254089662,219.95388647896272,249.93427468097653,252.8425560869724,247.61734305794988,205.57800591211213,145.17174097735267,116.61193376868536,102.71402671282434,93.44099342752389,84.72148302740132,77.83921428455764,74.31304071015272,81.20101342093294,93.29016269790833,105.42325516599972,96.71056352161462,102.58108461694182,102.41913258937088,99.34277869365856,189.25583109644555,275.59456019678316,329.9606662731412,374.87353330282366,360.21774230200367,313.50520610809485,277.25158682576523,245.35447477062277,218.8743657588253,196.67616706361358
206,259.9381145848252,283.6586064961202,288.09022850360714,273.51694982253747,252.36591743375084,244.84158947227286,259.2228580840156,271.84525953420734,263.5024528211469,251.55673966315527,243.07092249614496,234.86668691749637,232.15434801117405,250.87272026576986,291.56290291826906,346.6615315248958,401.0081065053989,406.6446325859218,373.92262767917447,363.71641938572407,385.46963350632865,466.7985937282948,666.6348946082761,814.1841356876059,813.6822866235716,755.5921033233368,726.6652381308921,693.8554312232218,610.3424976913907,553.8689296866619
207,255.89402681266097,280.45354980101246,288.9109681474272,278.114616716912,258.0978077184099,247.7081097214124,257.52605777631646,270.5021032213008,266.4470654579018,255.11273679398366,245.77913649938213,237.4185614482059,233.48726583645194,247.72754132620955,283.9452738149542,336.2549618093833,390.9372974812817,406.8036580459706,382.1856941680184,367.61247649900406,383.3119842570948,453.05558937900537,628.8907419204863,787.478251090236,817.550625452281,771.3687404229363,736.7392225498373,705.0068718900309,631.8293071021554,569.2896888776853
209,240.47366679598713,333.7894201995331,495.77240560588984,595.0305406862269,626.4457157041711,610.4031220677412,575.1988198194355,486.3648700875772,406.11956672917586,358.07357277784354,322.23060668965894,298.7140722274349,278.2874157474854,269.10871457130736,276.3708207402432,281.37484583052316,273.7711264661414,296.8552699802593,326.0173059086864,356.7094966965087,354.7162571789446,417.26770838965876,541.3795697594494,662.8970357978094,856.5636817152863,1015.2039045815243,981.205666668991,841.6717219482925,719.6258351165001,600.0252267223797
211,205.123452011852,265.9782441295291,372.0911869512837,428.00512042948066,393.48446770058547,367.31221985387447,341.0020995059389,307.25527276971127,291.6363488931082,289.29423063052405,284.0805871290225,279.724168151292,280.8317323084128,289.04094684308944,261.38678375470533,230.1243875891764,237.47372407219217,256.39264000033836,245.75727729486715,233.08428023160508,262.57571117006523,445.8594385657344,501.4572219308388,454.36669257127966,409.5983721230162,368.6930239242741,346.16361658672827,319.78498967326607,299.75180486216334,282.0492590189653
215,59.80014444444592,59.88410493827126,57.58284320987725,52.70842098765356,48.389377777776865,46.79055679012304,52.62834074074242,155.23569259259344,284.3544629629636,219.51111111110964,175.95679629629547,146.57114814814773,120.48572592592613,162.40956296296486,131.90647407407386,103.52012592592614,87.716111111109,73.43933086419732,63.39560864197517,58.58457777777764,54.90934938271542,50.43128518518631,45.65813456790145,41.58956419753101,41.75335185185185,44.64178148148269,48.19654444444509,50.71272716049307,48.073379012345264,48.664970370371
216,59.315858170454604,65.5046176830886,69.70066275229306,72.87807584790582,73.11506143987496,77.1061528725709,81.45282115066549,89.15761746370535,167.685932356993,222.19618376872708,195.93817240938182,174.763782378695,157.9672502234911,148.15381139197365,134.83323810909536,122.53689801914372,109.10717964138469,97.36985525732729,87.18892761703833,79.99786245072268,78.12846199519166,77.16240690476582,80.27595642867479,77.87462706567901,75.19693255522749,72.45879584809099,73.47920196869563,77.9684983377761,82.72706094697624,86.34631633545806
217,186.28911017772728,184.24471521072303,183.19216102016128,179.58581294207534,174.7042857735189,168.15746070560525,175.6287001289019,268.4501580417543,459.4091863918304,618.6146045134775,538.0123467618932,439.99011211626015,374.7358713628219,382.5744543879799,418.436425799918,383.79377405177297,330.1340031512512,277.09652806663905,239.44894344335586,217.73703222523773,206.3483957106116,195.12709198084252,185.79651635807957,176.36915822865728,167.64816264995906,165.4961174115367,169.6342832911119,176.82431941249678,182.63563100040085,184.0853181782541
220,16.845062336782526,16.123871166524058,16.76222692996085,15.117013091131696,15.715303463131065,22.932337122377227,43.07773418415888,61.385663285688224,63.38258677561343,52.76632042560766,45.915824305514775,43.738917628972686,52.15084876698919,63.17965860290211,66.89378384568548,61.19667702048973,49.215715851645044,41.88414445604445,40.426888643305254,35.56877041766461,29.583356020245233,23.090327103784993,19.626850839190034,17.435346537483888,16.497150421968378,21.654718242476612,29.05298923190292,31.06672305450435,25.861292654273726,20.997488555916075
222,413.57910107301893,427.7704096190003,449.9815364154526,465.21591413142426,475.7199040012661,476.1190448750266,505.67896924978544,567.2815367015183,652.5146469479891,703.9337835852034,708.0375509501955,678.5006827602608,644.4982415613608,629.0460522805032,623.2680196208698,607.9711021335032,571.3524800057774,525.8733769846891,480.2658240446698,443.4388610432692,415.01212763073954,392.68922039615126,375.5198693966218,355.39319933838397,341.4688970861303,352.5347237385662,381.2319091885355,408.5422067189651,436.21566530088796,441.19508404498765
227,708.6024299382575,715.6360670138669,727.9694003472458,749.9694003472019,785.4066823302695,815.8133646604932,848.8530765818165,869.8224769281975,876.1221731859214,863.0885361103137,840.9876248842576,826.9203507330371,818.964305896096,810.7814223313313,797.7440764979701,784.774676157393,778.0172390431854,770.4475975308573,764.7324182870801,770.7809308641887,793.9264685957008,837.5335664312828,879.845442974487,918.8135856442433,939.4067928240778,953.2467087191816,958,948.2099789737084,912.1732492283703,888.2598738425555
228,812.0302730388102,824.2603889001512,839.7772707175939,862.2286596064694,892.1802742589002,923.6896498617807,945.1953176746151,962.9390590902525,968.1853512996577,963.1702327425603,942.9040110768007,919.6670773308844,903.2178932111453,890.8855018934028,877.2589557225359,858.9405013986332,843.5051458879686,834.3997047131836,828.1903924736409,826.4826788998703,837.3835645544018,865.5364091681339,907.9046230156326,947.0259660679735,977.9704007013246,993.4040831082917,1003.1191964538863,1003.9617068302864,986.5580624276201,954.5144869630537
229,2720.402054705448,2666.4455625280398,2634.514256186474,2619.111828956242,2619.9710111723325,2604.0117466011693,2582.541373568245,2572.6085742959094,2603.1537700928957,2642.6587519400937,2691.6809378788594,2731.12566239289,2753.9881591484827,2729.026671701745,2662.3532690896272,2575.4300773979517,2480.2421122637193,2406.5930141950885,2374.5867855010397,2361.603970602413,2348.289109685893,2326.659693596387,2326.8403415993425,2365.0365868890917,2416.9874892077432,2490.687065591332,2555.202831814971,2622.0110232708953,2664.6522086837786,2699.9983027707603
230,2753.512943309326,2698.6942734964505,2660.16089180832,2639.9292283872815,2636.1577017870836,2624.9673868566474,2604.827344091737,2591.313216633674,2610.1573250298857,2647.1698546346606,2693.5823096800527,2735.93795269852,2763.6663373225456,2752.3224236014876,2697.208436301495,2615.516818869135,2522.0724828000925,2441.652562948439,2397.3405185756924,2378.809177597846,2365.6152994143226,2346.3678008669376,2340.3002572873697,2367.8250505073597,2416.2719323870256,2484.255720590563,2551.8586754164094,2618.2847503740286,2667.9918685494654,2705.4685420537244
237,788.5063943022099,816.2365413890359,551.69854678107,568.0750225200686,633.6155220064568,809.7494331509465,1282.0502456494746,1321.9219438228397,833.1065975934362,815.2998137732934,1076.3168157615028,902.8553884571202,626.953368637358,565.7337129845598,869.6300138013947,883.2250200585746,512.0445564141696,353.91735508181284,311.93603776015357,294.28281376003343,262.2947780163692,291.7217528379413,316.0164742449672,270.95349611204597,248.94580254533417,228.07395176462683,282.68772467222016,352.4291218830281,348.85649875452395,389.1187768956685
238,609.259311778932,853.9872148067334,739.1095239517213,618.8139420894588,665.045506457705,791.6358922453758,1123.2210152724394,1386.3773776028283,1165.579581780358,913.1109299944819,1030.0277695507352,1068.8140139037553,838.200077725008,664.0173266109575,779.4101982207618,933.3847453966636,752.4483083474893,488.07656717021945,390.3227712654276,364.79980471010214,343.9555623937547,344.70115340492987,370.23415474701056,356.7491602007273,318.3620987731345,296.72225374941644,317.75792297954774,387.3436416054162,424.4926139909975,444.0653721250776
239,554.3071529349943,830.9307530601152,902.640248771823,792.3362055199739,765.4494731038245,862.9294328330362,1106.1925874545993,1417.166050608013,1445.414078187268,1210.40163774916,1133.6056107300228,1201.8535407352688,1094.5262565131297,881.3114830346465,840.47763468686,965.981847045773,948.3764573782607,726.2651053489894,549.6283746202927,496.2521340377814,480.71900624389946,474.5678909092128,485.1524409568359,485.2104503528783,449.93981584495555,419.54142713595047,427.2521403317912,486.81590995238616,548.0034225827733,578.7267976468905
240,514.3038116148895,670.228885623845,910.6277271329394,1013.9812822896637,938.4069106974334,896.776479671609,972.7014982072233,1187.5744511461926,1485.0877612188565,1567.8649770626907,1381.4876498793499,1267.2509673101372,1301.5428811664185,1225.5907240938511,1029.982498522694,951.8211528570785,1042.8794980465532,1056.6143048689928,881.5154682884269,698.4046052787752,621.2380852613519,598.0751558542602,585.9695330639363,590.0883721358039,594.9359307342401,572.0125382130252,547.555509041456,554.774803986001,609.6028885675435,673.8724461996267
241,153.24772344321488,153.48595909756074,153.16510270587185,153.33052243973063,154.37436301027995,156.1859372197301,160.25580785292942,166.24238932737117,172.58017633226473,177.09470324402463,179.47091540593007,180.43448048928647,179.15216846654926,176.54797109516787,175.63558968458156,175.60406165800174,174.8170833694857,175.27743076748368,176.32721315850475,176.02166589114378,176.4465518770898,178.27667800782433,178.95782307498826,179.76479524515744,182.48287032384513,184.99666662578875,184.24075753291405,181.80172666894603,179.65830687507406,176.65860664958814
242,565.2308086605059,647.2749311141872,834.614630920329,1007.8410421960684,1027.9269435876658,968.9502099035506,982.9181947011708,1123.3097014738703,1376.314524680248,1573.6815179335726,1530.6448243240413,1375.5641357136524,1327.9274634602,1309.637203214454,1177.0849452493048,1034.7481160689106,1034.227851752624,1090.4484343079494,1019.3739735029025,841.7869587634491,707.9795039833789,655.6649546297558,635.9911878375829,630.1459200144684,635.6236023026726,629.7112204646211,608.830607436804,601.8316114321542,633.2662612071723,693.7716902773242
243,583.604580212974,583.9386510338425,610.0206478117664,718.5877538690393,902.5525227394054,1037.5245939136437,1037.9742600812745,997.8930525552354,1044.4361296869158,1213.8434320788695,1453.3326109655668,1590.7300941673714,1519.5056112766902,1390.9420330450214,1350.0651952586436,1302.909631841682,1167.8362503731362,1061.0324730787233,1074.9292014058703,1099.635973880422,1002.1738532973256,835.7974457212936,722.789040823314,679.159437644867,663.448653602084,660.8291118355364,663.8258660699651,654.3570518626312,636.9665373098787,639.346837869746
245,4555.259380509965,4736.891479349127,5095.814136255174,5871.527519671199,6626.988941676378,7093.967613976619,7277.218494705972,7348.149344700184,7452.403466464339,7649.020006432706,7891.7576604986625,7941.09477797832,7685.9531774932275,7283.526137581771,6935.622326003682,6722.9182324893645,6605.196722692273,6562.135398472579,6621.744648958234,6778.059203213983,6955.6947030798365,7269.243587618224,7766.271163900124,8264.737381662984,8733.834137101305,9253.368752696186,9742.151354098474,10089.802036089884,10314.866202930927,10388.796540325515
246,5750.24695361191,5451.484365312301,5468.484740574565,5639.662787257197,5994.490311369453,6814.576243185436,7621.012843689464,8183.407515042759,8393.580609602097,8448.16458261987,8647.919845379227,8962.030570705258,9237.013858192757,9293.034843305977,8894.297628946711,8351.353027693618,7940.015485344693,7695.5587445900555,7508.310675469331,7412.373611070061,7567.648846817671,7811.969008227352,8006.79615851788,8337.908435703743,8801.898505465933,9221.065332000826,9584.595086453564,10126.993660389051,10593.7909925229,10995.10976577521
247,151.4274931805138,153.76171968217218,153.09276862079645,150.77771941868784,151.35638551088292,159.67722235191818,170.02191660656376,178.59086895381213,181.1584342838341,179.96929851309756,174.478737869348,167.82713683563856,163.94714956210763,163.324056462027,164.10187355565446,166.6009896979114,164.69224948767302,165.1390330448293,166.27909649480785,169.7505150944834,171.71513955620009,175.96727580979996,180.65190173858213,186.20462928355525,187.38474596781003,190.15043647691957,189.3059766046842,186.70816591925507,177.4266797213079,172.23456889010092
248,157.68197123734598,159.5419031330891,159.59606056843285,157.5967229032099,157.47590943962686,164.2055782725553,174.47244428948275,183.83997555524505,188.01415152907117,187.71497624211793,183.07253384814433,176.43590293625678,171.70243109391092,170.23932648100129,170.6991075613966,172.87132992277526,171.98555672260835,171.86195037999065,172.87587769082313,175.90812919008565,178.3307621472356,182.18700372063108,186.95738995921383,192.5229029716873,194.8450138893738,197.3287746434297,197.35190268501745,195.08491404812065,187.0902136306251,180.66087293899184
249,192.54915741347867,209.4340580494063,213.3589973187143,230.16226690258688,237.35828340020618,237.12330911463906,224.55315977072803,226.1485838886046,268.9381591645859,344.45803615475137,356.28520916375714,344.6634596017738,306.5611269299717,271.56813285815963,255.86052509132557,242.31787190605874,241.2310115153313,241.72565480559027,234.11276714413611,219.29542379137544,207.27303211127435,196.96860150514357,191.17930220580513,183.6193059214611,176.35850187284967,169.7447402102975,161.79774546492064,160.16927663730584,172.60038295567267,184.60253528106247
251,94.01703775018765,121.9494159158238,141.4499244949603,153.2945384663301,166.66912305951644,224.24335902784725,261.36189956578164,237.08723089650775,200.09259103369084,168.91684989683284,143.3570603617843,126.09261554509723,113.17088745009953,101.25507229818813,94.34046693068755,91.14091942983629,87.73098539839933,86.89336408901178,95.317195363162,113.76536974847504,141.2404835081394,175.15326577691897,227.9668227408705,328.22054595334725,434.2187645368108,532.0853086321099,617.1876457068882,641.9469493816606,588.3314464513102,518.4251547613322
253,371.31575825934704,428.94089145524117,504.92662972461284,693.0660134574723,1030.0058342336401,1212.837506410352,1013.6933422768286,799.8664975749299,740.6438919285046,674.5651523179927,564.4454276038867,482.91496705885777,447.4674652367946,433.4449193910881,439.2697066657381,461.5259726161614,496.93114757002337,543.0983661508415,582.1624730388442,685.6987169157142,872.5627682995259,1162.6298960466465,1634.6081800997986,2043.548898334977,2350.2083922367533,2495.1307648555453,2202.5741137520426,1708.3545026507268,1346.4162890627642,1129.7236493496514
254,7.22772,9.862400000000001,11.51468,12.77976,11.058159999999999,7.997333333333334,6.7532000000000005,109.5378,109.43580000000001,92.75280000000001,68.8704,58.623133333333335,49.331480000000006,41.034800000000004,34.091120000000004,28.71708,25.016520000000003,23.182560000000002,22.68904,24.64212,28.547360000000005,33.20713333333333,40.8442,930.0470000000001,174.71099999999998,50.510400000000004,93.7,134.4,138.2,121.9
255,71.52799999999999,277.519,409.509,316.502,240.498,156.496,113.49733333333332,93.5008,70.505,57.311,47.11944,40.33032,36.34324,39.7582,45.77499999999999,55.5928,67.0116,78.23138,88.98469999999999,95.6725,261.6927,566.7119,856.7291,1105.7453,1421.7605,1466.7776999999999,1453.7979,906.8251,360.8573,197.8935
257,673.4111222599327,746.4473799410822,825.6926709383977,946.2124614712108,1180.3599730300318,1452.327171775507,1490.5868087298702,1256.1498900074873,1068.9538566263516,980.340143372408,880.0564384571126,761.2986369486032,703.493752832547,686.3345053457806,705.0109144496516,758.9474332684497,844.4138623188501,965.9034467431302,1112.7511110439482,1291.032092948129,1554.877307691153,1918.5906143484926,2393.020447352063,2940.8022795822653,3384.2654388919145,3665.6386915289067,3658.9695726325394,3283.8930329690475,2820.0018662871844,2490.367262430598
259,61.33574074074074,57.10425925925926,54.33574074074074,51.178333333333335,53.91444444444444,53.7987037037037,66.22,66.22,62.10425925925926,61.10425925925926,60.98851851851851,55.45148148148149,53.68296296296296,50.13666666666667,49.030185185185175,57.367148148148146,56.02918518518519,64.02918518518518,81.59862962962961,85.23751851851851,90.219,101.33374074074072,88.01892592592593,77.17633333333332,74.33374074074074,71.75503703703703,65.217,58.217,51.56422222222221,78.14292592592592
261,169.29851572569947,170.24696097573275,171.37809699778032,170.48351547628909,169.2332865347364,172.32361617175394,181.17814994820165,191.7691275273573,199.38731835257138,201.79220866827998,199.44054011281744,193.53689842135324,187.31449005553978,183.75931484603834,183.07732523104903,184.37215659473895,185.2503117452512,184.68483441134512,185.0757946630984,187.11452182577514,190.0697984610726,193.35821966217634,197.9188305734801,203.4159555721859,207.85627563044935,210.45246457137011,211.94831162515845,210.9121437453183,205.78090687340577,197.97248296680732
262,64.86335802469137,82.65965432098766,93.19327160493827,89.38892592592593,76.31451851851851,65.53365432098765,58.61235802469136,54.31143209876544,51.06727160493827,53.43730864197531,58.19777777777779,64.87853333333334,73.80026296296296,84.22527901234567,95.36174814814815,97.8238012345679,146.88156666666666,172.04269382716052,183.22082962962963,214.41282098765433,468.9381790123457,716.3184419753087,743.3240382716049,505.9021654320988,291.45868765432095,231.24639135802468,204.92758024691355,174.39925925925925,136.10855925925927,128.2481148148148
263,52.66246074444442,77.75083350617282,79.50622266296304,83.90809888765432,76.15725261111115,72.54051241790123,63.49504593765425,64.88132418395065,62.34144557839502,56.50664973086425,49.70141075061724,44.45406605740739,44.546268411728434,58.357439519753015,96.94113347283438,146.64554050555552,167.87009755740738,178.81549356868666,219.88992283966923,273.6419580043208,539.5694632760543,1134.1201278382714,1458.8760299617286,1003.5309719987656,522.6049072611112,400.7082744277778,332.8178926537036,239.8435773493828,184.11684933456786,151.40416613086413
266,9822.66429748827,9535.05016224683,9263.595586878479,9132.472828493273,9205.431618296792,9329.916079064185,9456.08007881274,9927.962096313373,10691.641262638683,11462.156810264702,12025.122943581404,12269.434295415806,12419.412279633554,12562.548362065634,12726.91163072634,12752.165175341384,12456.338505747648,12013.646710447121,11595.104947384769,11332.87588788434,11074.061244964501,10842.46618353414,10622.396613396071,10557.788996543984,10575.348158874735,10802.522232204563,11136.636171899436,11574.793459748236,12039.244448293099,12511.83516483273
269,714.9149735449795,682.0471375661381,644.6515661375619,611.4063386243372,584.5307248677285,572.8016455026461,570.6722116402191,571.3538888888826,575.6422169312118,587.9421269841281,603.0931269841255,614.1075873015908,616.7375502645557,610.9543597883558,601.3679841269823,592.8008253968294,577.3803227513174,560.5342804232799,548.6599682539642,536.7330952380877,524.9021005291004,513.2022169312214,492.48232275132483,474.02570899470993,459.48186243386283,435.7626560846612,415.7318835978868,404.4435925925956,393.73974074073857,388.6213796296292
270,347.49172402438177,391.75998909782066,556.0942997857959,1001.3070153271773,1290.9230292196116,822.5303186283599,677.0160775812946,675.5539192528239,617.9525723266895,471.1778317122106,414.5060125931265,383.16388494661,367.6089980724849,369.07729840182054,389.60392051207725,397.56403061650684,458.60821822214155,421.0814588682106,510.3775009611921,705.9624527752097,841.0294419907962,1504.0995707274353,1767.9737362510664,2068.6231324369096,2350.1784661435513,1846.5483429157614,1299.1512550333368,978.6002179997289,788.0190527972553,668.9441793305468
271,2279.808051193136,2486.2921208257926,2668.563785724557,2828.1344992320605,2951.964086264511,3031.5137327658026,3077.5068074700707,3070.878240000664,3026.1920585242187,2989.0058209842373,3012.1210308244163,3064.7365689139046,2987.608259034774,2753.5039864274668,2518.6106087024345,2407.0745150994,2353.9860185358207,2339.4188001477314,2403.119720651841,2570.481966260769,2831.0738096203295,3148.1932272420277,3510.54295280128,3895.7393948195486,4276.664745640111,4639.092490591731,5028.394781193771,5488.747685528073,5994.4767819359495,6519.765526076551
273,877.4271268167092,955.9833446859286,1027.0269745926162,1095.2059122794662,1166.5407220758648,1245.2626458352863,1385.5516166352074,1600.3914094013662,1768.3103744329665,1687.2138643098097,1448.02571881144,1274.6167296858264,1190.8946906670549,1096.1553558743256,1025.098949056351,1025.6030584448565,1082.149507474172,1199.1898764459534,1371.8227765963354,1592.8932341701432,1861.977005312821,2168.853529002682,2505.550873335092,2904.329035330878,3376.985423189076,3905.9194320953848,4412.875756969888,4786.247200543199,4957.154596473457,4810.768055052982
275,5277.946355804195,5584.851235742632,5862.261296569252,6097.914829774772,6309.74222057106,6570.63213608216,6822.2374792145265,7067.203672762785,7267.161356449704,7436.105335528071,7497.058723860999,7509.801781873951,7550.467315123946,7663.144701337653,7677.1411439230105,7541.8485281638295,7338.817972747941,7193.816007282527,7166.098837878126,7242.48221158943,7467.6193768602625,7805.170743222601,8260.312930022788,8757.367677511755,9271.91942108631,9763.269593170768,10216.061871723412,10622.924837631828,11021.838959895447,11468.97039938403
277,204.83517271762443,219.94139983857892,231.5344396531299,241.89053590352992,247.71311868640882,251.13416291855592,251.6720659381049,248.59879481866497,240.02924416145484,224.33759165271593,210.70351546937695,199.03276396140464,192.2810619853013,185.50199999999998,180.9739825252564,176.7924149770973,174.8813465246907,172.98006876493898,173.00405156893103,177.47789717409964,186.69803035356858,197.95549630175904,204.57853156032039,206.2737795433403,205.41896046793127,201.46780348886446,190.66013062993804,175.68738812059294,164.3482849631945,159.85914211204818
278,127.18441111111522,134.9839555555591,144.36384444444087,152.16258888888478,158.38092592592267,159.65574444444118,156.1873814814806,146.59441851852029,135.22149999999698,122.4688370370421,109.84219629629771,100.62795185185396,95.9638777777789,94.60594074074496,96.35531851851445,101.08853703703818,108.62287407407393,117.6832666666684,128.27295555555415,137.1512,147.75835185184962,156.8519333333316,165.95252592592607,172.02155555555805,178.34448148148553,180.17685925925505,178.9159222222211,172.9805666666636,170.56140277777484,166.11496913579398
279,907.5496968637334,1006.3836317828387,790.9460446064905,731.5715179783718,697.3548751018275,661.9133115162186,640.6758453356892,635.3902319537374,647.991667638933,665.1535561227145,698.7414669097395,730.5586223032437,753.4746892129832,757.6822906713785,748.6508252200425,725.8667813427485,701.7590839376774,676.6609600511908,658.9701033653664,648.1890726398967,642.6585101903438,640.6209783690425,639.8133972338221,639.6630718585188,646.888404566806,662.4347480417672,684.5998709209498,701.6775982459004,717.3968071979551,732.87175638895
280,677.9224337421067,622.9211524954961,583.238754975874,574.7836742477275,582.6657764073892,585.6796485792938,555.6202442718177,515.0183954865126,480.4982098086342,468.41687104568865,461.23788336563234,468.58401098547955,496.7985189596808,549.2597036984191,608.2833664359913,670.4976689398533,723.9961157133146,769.8558214298258,784.265790721986,761.13989045632,705.9689153196925,650.1800782987316,613.8698571922242,603.0409246060055,621.2508431118507,655.0636289820277,690.0417036891687,697.2258069365001,685.7590449222997,673.2775153502613
281,76.99007654320987,74.94569012345683,73.4028469135802,72.36154691358026,72.06682716049382,72.0279802469136,72.6064172839506,74.01973086419753,75.13792469135805,75.68942716049384,75.78071975308642,76.33285555555554,76.91252592592593,77.91442592592593,78.99657283950617,81.65984320987654,85.9435172839506,91.72531481481481,98.21265925925924,103.19504074074071,106.58758271604937,106.32859012345678,103.75478271604938,97.33713950617283,90.71545925925928,85.2897666666667,82.6801320987654,81.88410246913575,81.04915925925923,81.06318148148151
283,15.266662962963109,17.69611851851843,18.50630370370386,17.029351851851786,16.978425925925926,14.006103703703715,12.718966666666496,9.362485185185434,8.5532,6.932729629629458,6.933729629629788,10.98455555555532,10.18527037037054,8.358307407407317,6.040503703703717,5.357959259259246,5.2532185185186115,4.380859259259246,7.6335,6.0251296296294585,6.847214814814894,8.479585185185107,14.279522222222472,104.88038518518505,150.2313481481482,127.10072962962975,114.60999999999984,100.748,95.02578888888883,76.84987407407426
284,30.1846538528278,59.27952828780324,82.56412137761686,77.02957626764092,58.74509856470271,53.4144983095539,73.49124165149179,111.14930349024472,227.18925272452347,217.25627765791668,150.97598049304136,119.07348363857035,101.86514231773816,95.29849983548758,87.38556339092024,68.98224527215626,56.74864104412758,56.359211492445155,56.36738101170379,58.32030879652777,47.39829657159481,50.50703687512446,61.14617572108701,62.08279185509894,56.47906497837889,61.23601664521343,74.7083115872343,72.06942164584598,68.58644474995023,61.64396144140975
285,29472.8208175,30923.478812333306,31803.326270083333,32221.668394499993,32399.320925999993,32890.276643000005,33195.87533908334,32835.267151,32998.05028666667,33117.42140241666,32606.420131,31739.718122083348,30836.980643333343,30551.461484166666,30224.09550291668,29741.846151666672,29350.04327625002,29342.957022083345,29230.604885000008,29096.09558333334,28830.933255000004,28325.730530833334,28061.33124916667,27828.084890833343,28168.74664833335,27864.150665833356,27143.08781833335,26354.106430000018,25821.37016500001,25867.953523750006
286,26.338767901234537,25.193162962962997,24.387097530864178,23.56868641975309,23.09471111111111,23.600340740740744,28.830069135802503,31.454892592592586,32.44730000000005,28.917769135802445,27.492843209876558,27.283999999999978,28.18935432098765,30.29099629629628,31.3802925925926,30.872366666666675,29.092869135802477,27.282140740740743,25.678202469135787,24.29339999999999,23.325630864197517,22.015269135802484,20.942528395061725,19.882133333333346,19.672380246913594,19.82994444444447,65.11405185185177,113.1156518518519,97.09320370370374,71.23379259259272
287,29663.531956159717,30004.180821618054,31444.453736322892,32311.44249743403,32722.461257312494,32920.64457120832,33408.53086625348,33680.8794469132,33344.55816165278,33507.35029740626,33592.6741517743,33053.65350854513,32171.70275046877,31290.334694201396,30998.086648697918,30656.92329494793,30172.476005607645,29796.59507690974,29783.41179803821,29668.088080763893,29524.09689798612,29241.23944399306,28742.04381159722,28475.390593402783,28271.244815729176,28580.382316562518,28247.452895520855,27511.545163819465,26725.127920625015,26217.239364531262
288,3795.8760865973713,4035.6975019626116,4276.808093482018,4584.523917108519,4937.814418965673,5226.506351682733,5519.479159837882,5810.728480112472,6092.133831660602,6337.443546311512,6606.764383888629,6883.879455914859,7121.989309091413,7280.020604469856,7439.420383735684,7557.240520363786,7616.336019830897,7638.9571185316845,7624.091188656894,7561.329642204443,7464.34091301285,7421.043988970868,7416.005042369024,7433.3371280249885,7401.1157327053115,7346.871001371012,7245.752816204174,7180.852903821177,7209.766023720674,7245.522945252522
290,438.20134444444443,434.0486444444445,433.386722222223,426.7707222222222,404.5839604938264,378.3429358024687,350.3273469135797,330.9621,321.18939999999935,326.37189382716105,350.0900580246921,384.20525679012445,416.0232222222223,437.3135925925926,447.55087654320886,456.9904938271595,468.4117037037037,484.71086419753186,506.7299506172849,528.5455555555556,546.6065432098757,553.4388024691349,555.9442345679003,561.4945308641985,569.5343209876545,567.4940000000007,549.460604938271,528.4361728395062,519.8355185185178,519.5708333333328
291,539.2205613425925,621.2298736111111,680.2112490740741,727.1833122685184,742.2009368055556,759.173,784.191624537037,788.173,800.1823122685186,795.2009368055556,776.1264386574074,744.1636877314816,758.191624537037,763.1171263888889,713.1719999999999,693.1347509259258,637.1533754629629,604.1440631944444,573.1626877314814,589.1813122685185,574.1719999999999,564.1440631944444,550.1719999999999,538.1719999999999,514.1719999999999,497.13475092592597,521.2558104166666,569.1906245370369,587.1813122685184,597.1719999999999
294,141.2991660354708,141.42154932819975,141.38138106822532,143.03388886473036,144.1920077023571,149.55571620137533,155.0516556878594,161.5934269711648,164.37176449783234,166.38668532293968,166.90453680419034,164.77006584642464,161.7376462666793,162.38586735910687,162.06219136202472,160.70994661440184,162.3485250963518,163.16298583079646,161.86766035839767,163.19463011425916,165.47862648096634,164.81803240674554,166.1944586460251,169.54248405439952,171.83858829007298,169.19415226625628,167.15598234154484,165.3789068915067,162.29159200872937,156.79772292005887
295,81.94634567901234,79.32101234567902,76.89904938271604,75.42186419753087,74.67428395061728,74.51929629629628,74.64517283950617,75.20469135802468,76.54816049382717,78.1724938271605,79.62244444444444,80.12332098765432,80.09333333333335,79.58958024691358,78.60434567901234,77.24565432098764,75.15393827160493,73.39434567901235,72.34583950617285,71.72822222222221,70.30317283950616,68.57598765432097,67.49849382716049,67.15402469135803,67.92220987654322,68.57465432098766,70.21971604938271,71.38175308641975,72.74253086419753,73.38742592592592
296,46.575209876543205,43.919012345679,42.07266666666666,40.5460987654321,39.58401234567901,38.544765432098764,37.75088888888889,37.557320987654315,37.92856790123457,38.40133333333333,38.38644444444444,38.05211111111111,37.91067901234568,38.077888888888886,38.71886419753088,39.20243209876543,39.57334567901235,39.23901234567901,38.73955555555555,37.86543209876543,37.23667901234568,36.56934567901235,36.22420987654322,35.87598765432099,36.04011111111111,36.053,36.20632098765433,36.38466666666667,36.717333333333336,37.0505
297,687.3014961308859,632.4910090931149,591.2235284047276,580.1197606653056,586.7139610965396,590.1533643029178,562.5838886574586,522.5275922370347,487.2271596161396,473.19443506586066,465.5511602507307,471.75652470076335,498.47384211065145,549.3539659040615,608.3100601586244,670.7622360435438,725.4118902682579,772.2730060543062,789.3974671612198,769.1876699615472,716.2210748269401,660.0352781129171,621.8231156078751,608.8007542145114,624.7572705611374,657.5521222821033,692.7151505780874,702.253046660757,692.2362610467187,679.7389645763244
