,2020-02-15,2020-02-16,2020-02-17,2020-02-18,2020-02-19,2020-02-20,2020-02-21,2020-02-22,2020-02-23,2020-02-24,2020-02-25,2020-02-26,2020-02-27,2020-02-28,2020-02-29,2020-03-01,2020-03-02,2020-03-03,2020-03-04,2020-03-05,2020-03-06,2020-03-07,2020-03-08,2020-03-09,2020-03-10,2020-03-11,2020-03-12,2020-03-13,2020-03-14,2020-03-15
1.0,413.7637074270344,389.96829327253096,346.1119891306321,334.30846671009203,334.9670478442335,303.09549237630273,273.5864690434277,253.5889105990956,239.4677092958295,218.449054195164,184.05350087990283,177.89811150255974,198.79760270177437,246.73086548144352,293.09276630660725,303.67230441043375,317.13091620038114,304.6503662241364,295.56018610286844,284.07565762766944,255.7470883609381,230.72203259252163,209.8257261098337,209.54875840622464,217.1581189484277,197.2654779736571,169.23741282540018,151.07163425227043,143.3396111827628,136.65919064856354
2.0,413.7637074270344,389.96829327253096,346.1119891306321,334.30846671009203,334.9670478442335,303.09549237630273,273.5864690434277,253.5889105990956,239.4677092958295,218.449054195164,184.05350087990283,177.89811150255974,198.79760270177437,246.73086548144352,293.09276630660725,303.67230441043375,317.13091620038114,304.6503662241364,295.56018610286844,284.07565762766944,255.7470883609381,230.72203259252163,209.8257261098337,209.54875840622464,217.1581189484277,197.2654779736571,169.23741282540018,151.07163425227043,143.3396111827628,136.65919064856354
6.0,4157.065291908153,4004.1909734936407,3635.8208071059603,3482.5939536784394,3377.3846555531536,3022.848506233083,2651.073480827665,2461.7345331212755,2472.8532542622675,2396.7518568187866,2245.1166539419714,2089.099403528226,1941.2481986831485,2008.767624483412,2185.6625189721667,2260.1887516087995,2361.8148475447883,2406.6473252173582,2295.22688439516,2204.3209844734074,2092.3030108139305,1951.5054426070365,1814.8552685161308,1667.9029897967935,1513.35297941431,1397.1331745088598,1310.788358994163,1217.0696191563811,1126.1585190234966,1045.4027323072173
7.0,3870.297587272472,4381.254299480953,4218.058968675789,3857.99761532502,3708.9298059688954,3596.4859541429055,3274.139303016784,2954.6204196101476,2776.0802937500957,2777.7636422916594,2703.4959730811183,2571.575708060805,2438.250237417945,2344.999975189341,2460.5848008685807,2644.161378832333,2718.033969065011,2781.041054060598,2788.5795969141345,2655.317060980052,2534.170869066112,2391.4293422637506,2227.4788590226867,2064.745788043199,1906.1348912119,1741.9403873351646,1615.368871507882,1518.1412643254835,1415.644193675588,1324.2806083425114
8.0,3732.921685487917,4285.431128614008,4318.553780392287,4015.7604163089136,3805.6508954262545,3683.252917164019,3429.722019994732,3119.683287640474,2900.5889157216247,2848.3683455389805,2797.402511150597,2686.88932269108,2559.131748581712,2464.7222299773152,2529.437149841193,2695.709041067335,2801.167211558171,2858.977415283425,2875.5904221864503,2778.1571288771,2646.701475078361,2503.445263763823,2340.2978669686363,2171.289646059995,2008.8590532140906,1843.698889379398,1703.4778861577427,1595.251128610633,1492.2382196208512,1397.4253008310627
9.0,3618.096940297272,4192.341216778591,4333.541299758476,4100.667845610617,3871.455289543769,3731.0852571708033,3508.016106035826,3214.0139427811982,2976.206439405229,2888.666533023469,2837.914931749219,2741.707470792291,2619.6768404308827,2522.6767810539973,2558.395394785024,2704.5549247524577,2822.5123792254167,2886.7874549840594,2909.0436826421765,2833.202695063512,2706.0313661869445,2562.414297932257,2401.183508105829,2230.9466075230885,2066.06261540584,1900.3976451540009,1753.8736251761447,1637.971533431226,1533.0229859156252,1436.4181219420443
10.0,3418.3707201376783,4016.063626060431,4337.332137335181,4260.1435704070345,4029.995311752094,3853.4692818768067,3673.848817910818,3421.6021500926477,3161.0485901263078,3009.312241489933,2944.5930283562825,2872.76170226687,2767.5973766750185,2672.6336902623016,2664.9396821552523,2768.0730007510797,2897.294241107301,2974.0324153837846,3005.3861785272356,2964.218029654732,2850.412740619389,2705.5817148409037,2545.3171653733443,2371.8239908316573,2201.6108649250227,2033.1999937542496,1875.5323027066613,1743.981734366312,1632.0389248699778,1531.7182974514144
11.0,3284.584511996871,3857.8763701632893,4316.538340547785,4438.1784106413925,4285.826740285148,4084.413826717086,3926.416947118533,3737.72626429039,3482.81866064978,3273.1345121094287,3167.945519364945,3111.809322244724,3036.947707042299,2964.7199033161537,2939.934452335404,2994.3326757725395,3109.422303322317,3190.285033606128,3225.550680814409,3206.796592566957,3111.3975576495945,2964.0671647649156,2797.28882987893,2614.7592045276638,2435.9865037182344,2259.8162435362947,2089.7021733192028,1938.6411197291895,1811.4675803228954,1704.8016619990808
12.0,3362.664753815163,3852.636848413808,4356.913268624878,4631.621973594772,4608.80019548497,4436.484699867926,4290.078704593345,4155.784936311866,3948.415068872601,3715.5602395499186,3555.226401598005,3476.7022501074935,3417.709349445635,3373.2537474404708,3364.1035147562566,3411.029404751845,3516.072693350085,3604.104508220597,3641.269881150804,3621.947658754336,3526.0828717131567,3364.554216059256,3176.307667338909,2978.257170678005,2788.212880142267,2603.455514433601,2421.7928716772,2251.6759128574136,2103.970492431407,1984.519694831093
14.0,119.33434466666657,116.2901503407408,124.84471064444416,108.59324968888893,95.81545540000015,104.14420466666654,116.64759745185208,122.62145045925905,95.42241569259278,86.41527521851812,77.39110696666692,128.14640356666695,168.6219853148149,139.1446179888882,127.64122799629685,104.81888381851864,92.71330078888822,91.05648438888952,79.32206150740707,76.58904414444429,73.11654444814869,64.94315208518492,63.88175620740739,62.04837310370372,61.9218317407409,57.49800145185186,56.33100232345672,53.07715442962963,49.80512843703708,48.1635416814816
15.0,225.11680083333331,191.2287045703704,199.3845642925924,185.27621936666657,162.69469714444463,165.72829203333328,184.0380221259261,197.04806608888882,169.26414330925934,145.47465542222187,130.7618507925927,183.67031836666715,254.83885727407431,241.72827255185112,213.97555795925956,182.40445727407445,157.297980403703,149.37079708888928,135.26698551481476,126.3078531259256,121.01283132963016,110.02984803333334,104.74237201296283,102.13752858888891,101.07767808888909,96.00963366296304,92.47746746543206,88.21282024320983,82.8841833666667,79.39100819259275
16.0,244.20159323703697,198.33314717179638,201.35585029170346,189.8189057729073,167.9578078793891,167.83501705272218,184.50987619624092,198.37753158485177,175.2760958063519,150.63046123943488,134.56237913318523,179.81181469540783,249.76537276975955,246.9930197304068,220.65428065272235,189.0869117188337,162.79575971855502,152.6022569595743,139.05896674429627,129.32236247142563,123.48990152411156,113.05316866587044,106.97444209570358,103.9951969457315,102.72632457272239,98.08328372114825,94.30615025210491,90.06909344963577,84.79352572673459,81.01852021224089
17.0,4464.602236480565,4898.631802623942,5299.516238139839,5555.112600661947,5630.76035559342,5511.046773675013,5280.0010342419155,5075.956587230028,4934.196217611396,4774.616826271034,4574.739533354501,4401.6567585235325,4272.720451647642,4201.286347711992,4206.452073343644,4297.504654365724,4444.926204090209,4611.950994471954,4746.829461129611,4792.365804478089,4721.359794907846,4537.814175329114,4265.215921946867,3978.5583474370173,3707.5443870050494,3459.002851798995,3234.4350356756486,3019.924971589864,2821.694526209757,2643.4811507043546
18.0,4680.705840361319,4894.405357707432,5267.206426569201,5660.376527093173,5942.021178285877,6025.98862357414,5939.217769611894,5735.8886278827795,5513.817813024196,5371.027824397961,5222.443266007986,5032.684435208126,4854.214688068575,4774.018530959548,4711.259101986974,4699.817558701046,4762.579048314829,4862.907097739289,4996.644171855793,5114.285839662973,5167.266967835849,5096.009261633053,4909.198315643203,4638.260667599222,4341.267599223979,4055.6597609359364,3794.536104669765,3557.924231643632,3332.737144905544,3126.4375272386715
22.0,182.8228741892057,188.68389152759715,205.01345378942744,223.8657690661291,224.1331997923416,201.80474053230057,179.72633091593727,169.18020658348425,173.2519458920321,176.80983966302884,177.4004053167465,178.7760600352934,179.86816903928107,179.6438087894022,179.19169718726155,180.59718601775663,185.21899054446774,230.56017958006146,273.7506151137315,292.6577208764839,302.11040077327146,308.74753797173184,326.96847335601797,333.02572229783834,306.55437459197134,276.7073276698229,253.1931087813403,230.38533346370613,208.51329998864952,188.6827373326968
23.0,298.9175903028367,322.15976429236525,312.58862185641533,286.8694381587019,260.6519494945293,240.62606651551502,241.52193300168997,241.60760014332502,238.8444247693395,251.29112102632863,291.48829820982564,334.75946757820805,361.5542926325698,363.506664520696,357.22233468955665,355.1077017848335,352.5927255207592,379.37891676210967,407.3833929203792,385.7335776566373,369.60076150715804,401.26675093402673,402.4500399352109,370.8227616799786,339.5630966276221,304.60765458319094,277.12115825640046,261.4499790149814,249.85342751795207,235.41425577987945
24.0,908.2035440488263,957.0761686456133,995.6504551482536,996.8524534952278,983.6134306927717,945.6487359793033,875.1323235792752,797.8384950432102,773.3147676025011,845.1929091303398,983.0499271525892,1126.5250047079826,1186.9164088129585,1160.028504431832,1108.453264244627,1109.3459019932668,1180.0868277079915,1280.4472854680712,1406.6868143323034,1489.6130523413226,1492.4792770975262,1444.238305559723,1427.382555005777,1428.5999105844767,1405.1743830134128,1341.7758461891929,1261.3907056449166,1170.162769783092,1054.8364351995106,951.8870503318857
25.0,960.792643363494,837.4972193499755,722.1730432181328,703.8770370689073,747.1010552088742,780.9528231691446,698.6176815886977,650.2448411964517,621.7173059655967,584.5317784198326,552.2969438026457,619.6078474751703,768.919901912046,871.7818493707059,993.5014723537538,1142.346887457061,1272.469542567332,1249.4870229988605,1047.613708443713,879.7002790425761,789.0279072792758,696.3881328925768,684.1201122705062,662.4101714519136,615.4663534060254,596.6347816045583,567.0957425703825,544.6305005009367,526.635786049227,510.25930617219717
28.0,861.0447162496553,935.6505171007904,887.7397629481886,798.3651094552481,759.4129531600548,774.0687065587559,781.3460494821443,743.2439858125537,692.0948490028018,653.4305967328529,620.1099665341268,609.6736944425634,663.6212332219001,775.5109213686862,901.1132609865656,1031.241100356499,1169.8494089338906,1271.2784769134887,1257.4990269616428,1124.0129947457297,964.7572208593238,843.0257842868772,762.0251361007132,718.3792789467168,688.1670420510595,654.0531230654137,622.6365227340991,594.6279772967863,569.3221934368914,548.383542448179
31.0,3056.987182774348,3133.830188452387,3223.586781788548,3162.0625406669737,3044.4269372458393,2920.501377639579,2819.253545170403,2697.566289181871,2592.7169579126057,2567.493566722786,2674.7951897760267,2912.235432771692,3210.1580890289506,3576.6556838089155,3838.363324197792,3953.4275942327545,4101.443605962551,4273.421290203377,4435.366212676012,4408.4968788225515,4209.052265775476,4026.460954759859,3859.1989573815913,3706.30556807204,3596.729316362905,3441.100371886066,3225.9783824087376,2991.8993500746456,2770.757242312098,2569.5539689817388
32.0,3148.2321276131815,3207.158902110376,3283.237425390488,3289.6877188248122,3192.5840567221526,3066.0991821023717,2948.2043843522715,2830.104097999692,2718.383773812392,2670.599531704491,2742.455144639282,2944.7187682006565,3225.470224552477,3582.867562839564,3899.3113595971386,4077.196919416529,4226.189189992775,4394.2756500593305,4556.739053784975,4568.342391906219,4401.112034667787,4197.695914077008,4019.3338407411024,3859.4884026395957,3731.9988621692173,3586.881811830737,3385.0430717008367,3150.6144574146397,2919.161604106725,2706.564215817787
33.0,4879.145147063135,4799.107666242669,4767.397444604265,4962.518212320906,4967.349671723251,4841.3187114577,4642.409207919724,4466.028957686307,4287.015001552653,4176.857034258221,4254.627952963308,4450.459800325669,4703.764303937166,5165.667285725768,5786.268884272608,6268.841247463864,6606.698045591067,6805.402646514732,7039.5783440768455,6927.837950868552,6618.813307710017,6297.67948982605,6059.3720304540975,5861.623321099115,5638.8451328146875,5411.8564191890555,5148.61192297769,4843.37412761302,4526.028325682913,4220.0093125023905
34.0,10913.721383247046,10922.992948748915,11062.392712116167,11362.275220237807,11827.500846704443,12080.478762741568,12005.188781498897,11697.811336199744,11305.780713477063,10932.290029944616,10671.8535747131,10558.698936227891,10573.572804217243,10704.726827459841,11065.467780865449,11599.131215366773,12108.778102949464,12533.680834914236,12848.239923883968,13165.213467241909,13187.046606674265,12886.164295767128,12400.779328149285,11873.708790071223,11336.731289394285,10783.318735612249,10244.19770678538,9704.212148834782,9150.44010131557,8596.785484845022
47.0,311.00834849353083,261.0210058714397,230.8783540262314,204.24619107742512,179.1749476372573,166.40105088078013,174.06531692314698,201.6794802741303,228.40385857364535,229.493147225763,216.13748947791507,198.58585867656763,176.9009642302932,175.53074164839103,190.63872826027054,194.748456397374,173.9774839327523,152.17284856019378,140.40797323269524,137.89529964701825,136.7678201506933,131.34108829732062,123.50962159755528,116.48419680058883,112.27915921107392,108.62428413844336,104.025098346195,100.30508696622648,97.46650325963837,94.68540935157095
48.0,317.38124533018583,274.3608291525869,239.7580089467352,212.21297143188488,186.74622732435185,171.49795214317342,175.35468188862308,199.86638741334727,227.7757788457994,233.978055021664,223.41385181686988,206.28249038928368,185.57100133890063,179.81075730076762,191.70301499927558,197.6297656384337,181.6258381809153,159.65741070987244,145.50610927775577,140.88255730676192,139.31993646512407,134.84927207699792,127.4505866559556,120.16973506227421,115.27083548777432,111.42422326841893,107.005292984505,103.06076544135372,99.93820173639824,97.11530318157595
49.0,382.1663157153088,349.5769676021232,306.2412675755353,272.14129746338403,244.44030222511375,227.59168343888803,234.18137717273143,273.2175393063382,320.2924129288682,329.07304452885415,320.0906671440387,296.06200453376596,278.8918237854892,265.06080686758094,275.14450584369285,272.89956137418187,255.72207913364483,228.41576529246655,205.59143197551273,193.78882413968003,187.96468272551647,185.64963310126763,177.912080990237,168.83452848220412,160.93107609049102,155.0713516440842,150.4799910172338,145.54582591879563,140.0579790787554,136.4900965693771
50.0,589.8757889705315,526.3983318561293,453.6195906009192,400.38112719889824,361.24941896960746,344.6104449013052,352.17655235977753,383.2553691283557,431.038635394729,446.77576364626236,438.1626213939827,465.40705810303115,474.09869685763306,424.85323907264336,413.00624176439413,401.80373607284463,377.41744033933736,339.37642634753564,305.1620286773475,285.004156529409,273.4238830667809,266.7710073898387,257.6465007430678,245.7857175993949,237.03848255039063,230.9083968389442,223.6800927205805,220.85119885617462,216.01339414556838,210.1619265980621
51.0,609.5855129751003,546.5376158590625,472.4071160289351,415.6019414512458,374.0891578380873,355.04573852570473,360.28988927402946,388.6241649703313,434.6934135569044,454.0246967755813,447.9203328437303,474.57946100207084,487.4816631059804,442.36993745279364,424.939466664076,412.7983641592023,389.128402646855,351.6735450997036,316.22218820840567,293.99618161015763,281.10034739340733,273.6148597103017,264.582733376941,252.80104114650533,243.64704828457872,237.22903516382863,229.9539278671358,226.76753071566125,222.2023617421657,216.32939371185628
52.0,646.9035562844982,581.0303429949424,502.99940215564186,441.430126975056,396.56622540319864,375.36960844771295,378.8499803529476,404.4874423212863,448.9880782620687,471.1307096671682,467.2861124222433,497.7908632682272,516.6585176703051,472.71955156064683,449.45891958587777,434.8606782750112,410.7844273591278,372.7919679704697,335.4221531961016,310.7406178923072,296.08529113855684,287.4192953590121,278.1499550818575,266.17726890309416,256.6239837447195,249.92386919094415,242.3759574330124,239.04449428699073,234.72172570896626,228.7034826103006
57.0,92.55217239725941,84.89102939898355,79.75229037094381,78.94566638151858,75.9383114237932,77.75922721551801,75.53331283250192,74.76290384873369,74.12793811905516,72.70859297619559,70.67578350618206,92.36728900330446,109.61067267530252,106.32076810525656,102.59060421505316,97.950607324843,92.89154910447056,86.49468475776008,75.40216003704788,70.17503332278282,68.22651394853901,62.90889222224269,62.7910994727601,55.92441099011285,56.860298761581156,56.516685076737005,53.65628302812089,51.22124377880697,49.39485125266218,48.82821794237781
61.0,965.5544142756545,900.7711689971334,816.9094326118735,735.5845484360317,679.8764779136292,644.844871523597,692.4044492374836,744.2951832111688,807.2723763615942,823.8818231389954,771.7571821589523,777.816306539614,869.2642952474852,914.6475660530851,887.9127115947982,790.4530992557414,744.1107807669623,680.6686282125693,618.2674232128188,564.7952839658028,529.5468937045182,503.2205157279779,480.32340414508934,466.27736932171393,449.8489478924383,437.9403433011204,428.60658128217324,417.96581383115785,410.68032576555646,402.85053818806085
62.0,1028.6475300710638,968.8572800852372,891.9363685788925,810.3949563544861,747.6135353896333,705.0148398584587,723.2379440072722,780.3243108940284,833.489316014093,864.3897734107027,834.8802750332733,821.3447149878064,903.839673535341,1001.0514645803024,983.198909326074,892.6470070734723,817.8030293744829,755.6585919138538,703.6497998892894,645.9579624858485,597.2060774984177,564.9172228171528,538.7958660207969,519.6441204316346,502.63677793054967,488.9943279791964,478.82726014781167,469.05658898133726,461.0023192217949,455.3660900175979
63.0,1156.2999187155413,1104.2577232246033,1036.1984021636504,959.1300802059864,892.172690140417,838.9282225541513,828.17953094208,878.8734548061,921.3769874521793,956.552862981642,952.6075839494957,936.740246539116,1020.2019561271331,1188.5520807206149,1192.6469944505407,1096.14263351655,991.8189113928496,909.8268222221977,877.2583101991223,821.0768353203825,752.0445650561702,704.3474838353554,670.2103768953667,643.0929046697049,621.321959216234,605.7719002415417,593.9775468143946,584.8298236968053,577.0273033507408,574.638894089745
71.0,26.455001234567877,25.389209876543195,24.553123456790104,23.841737037037028,22.88528024691364,21.870548148148128,21.035461728395095,20.333791358024648,20.251248148148196,19.973927160493787,20.01450740740744,19.515297530864135,19.411516049382765,18.911972839506127,18.450709876543254,17.95083333333329,17.49023703703708,16.991360493827113,16.660727160493895,16.241430864197536,16.243430864197535,15.782467901234556,15.326467901234533,14.771735802469175,14.143229629629559,13.639423456790187,13.313596296296316,13.294901234567993,12.715444444444412,12.395368518518481
72.0,27.717821062757157,26.633210998971173,25.557494195473232,24.82007458127573,23.8649802757202,22.967007610082288,22.125402281893034,21.27056242592589,21.023935804526783,21.834028363168688,23.68891527572019,24.68827953909461,24.304498867283968,22.72649081069953,21.317801604938282,20.25155460082304,19.25878813580252,18.511718687242784,17.90467585493829,17.454758064814822,17.259917160493828,16.924087000000018,16.504925521604946,15.91296840329222,15.238932301440276,14.521029758230505,14.13511969855973,14.052028304526806,13.536488260288019,13.236048248456715
73.0,32.396173235442255,31.364917590174883,29.4009270236368,28.57516794431591,27.559670336291124,27.107895489017448,26.29608557656897,24.87039003858022,24.125305152983533,29.168338239171767,38.355259275797366,45.27042583662556,43.995859204706704,38.03313964951118,32.810595455864075,29.425707422428108,26.29828120092606,24.52080705637867,22.846977372916516,22.232260291049386,21.36721010486111,21.390383657098905,21.127435617052647,20.365461940252107,19.489545617103886,17.954891044650235,17.361915999331476,17.099910319572988,16.68599101360583,16.535480161380946
74.0,202.96463710822232,191.80234180947213,182.78366465267123,173.04652424465013,165.59125147935015,155.9558181767539,151.76726277704643,144.02327836579528,139.8004870653765,135.9430112821612,135.80266042202246,234.73919033867432,500.6933246405932,504.275817657186,492.06211638378824,501.6364839083313,491.7599772019426,421.1507573309598,360.3952692436981,306.1164365944532,267.7570225287248,233.84856849692775,201.3205852420888,186.30961496937883,173.95435068975792,165.93818074632242,155.61514080565308,142.3073409136082,133.21265833268504,122.70311364852532
76.0,231.518266386625,221.52364310876453,206.82518346295976,197.1457737475987,188.09008250283955,181.91524411419246,175.01861475013249,166.22759893156385,157.82249568407016,175.85453736559413,211.6959756410682,288.17067333185383,460.65169335027184,580.15964725072,556.8389725668865,543.1415393154834,532.65437563037,489.0005274386146,417.62151802320665,359.1318629083823,309.0142376570245,274.5347981628284,242.04428219592342,216.8268677757249,202.00093533402043,187.4892104895384,177.45401599648017,164.92573361574063,153.95591819842306,145.04547632167018
77.0,289.27275465202734,276.83076595315157,259.61218638313403,247.82952370062236,237.77150898638274,231.18709620473297,221.462691091845,212.25837226355873,201.24038563926013,213.50592788017775,263.4968286540327,352.2942048791498,497.4353435487671,639.2031556847296,669.7279914604296,634.8987518835672,608.9831317941674,569.7856256203672,503.9159711965567,433.2870049969517,374.92576379825,330.60582317467504,296.34615891841617,266.67398984246955,244.78938319015884,227.1821973063364,212.9925390404163,200.67268564560544,187.33189839480286,176.17187849441413
78.0,303.19539003137544,289.39107931842386,272.88879616693754,259.48344612203925,248.80224216176038,241.43156013782774,232.02242701480745,222.53946424201146,211.72074994012527,216.02191456127716,256.343614020482,338.5815768816475,467.1496795030932,610.5297908058562,683.3476774798138,670.8783971517042,637.0450093203065,599.6673351631546,542.423788591663,471.87331992826864,407.0573944236351,356.1417704122757,317.43293300296835,285.71221872041014,260.1232063175105,240.0730842320031,224.06311560677196,210.7220027823322,197.30922997152638,184.84925686402082
81.0,377.80936385801493,361.2023092910924,336.5228052234345,324.7307115537276,313.9170240263393,309.53288145905606,294.5634646910916,283.5372090426262,269.2955791776857,277.7539914637761,344.36902188049714,479.6284692804513,643.450242411025,785.8968573905938,864.8877460712489,861.7146512859657,809.0231358607563,742.759905020809,673.1875265046592,594.075282762505,515.1296842151805,449.3736555094056,400.3594876905021,362.6881494285141,329.83376288736764,301.01369711694707,278.7157108034316,261.38476628944517,243.8631483281051,227.4235237981429
89.0,86.83650001418972,78.05730934310255,71.40371484266682,63.84712502331203,58.00847878240892,52.62028238180184,49.8017,45.60883151750446,41.37718450525543,36.47807845434024,31.770529656035823,102.70350636174238,178.96996672959503,164.76049805835115,136.82703281332977,117.74532783427769,100.95913283968322,85.9179972768289,71.44736476311391,61.274885919283655,55.49631002529286,53.12941150532946,47.14657471408138,47.997947893081474,42.06334842339032,39.4040686859649,33.550370795497194,31.574518872178636,29.291865957071753,24.052030363535
92.0,224.30375215388176,203.51662364937684,187.4944908099491,172.38357102116439,160.02776837643552,150.78757511794774,142.4387472578847,134.52241497001958,124.00501158106962,117.3428800112365,159.21246334672358,292.67833936856664,467.7815536256318,605.0667707458061,584.6007364370549,486.0600510731663,385.3405512397242,318.0660060999608,266.3810151102881,230.99744564164885,202.29270023858672,181.7960029130048,161.68154243324904,147.4946681925597,132.17385120156771,122.05388974454632,116.2010337989042,105.11028237659315,101.32185021355335,91.52231105403965
93.0,6.66033539444449,11.51006381790144,14.333639308640548,15.75669091172826,11.97041843178812,11.676072266357846,9.876063283333266,8.821488798458201,6.705770675002222,8.50547916111073,17.707909892593207,25.77205766111053,30.17890817160495,26.6604449280486,21.13874753113562,18.318845734568146,14.65404938998795,12.742128948494212,10.7482572925931,9.137539449864404,9.99673921234538,7.066066916048858,6.642558474691247,5.76561504382757,5.823768966666959,5.505738589813049,4.878511889195553,6.137763311727633,4.61234847376783,4.273226607873956
94.0,302.73777571790316,284.17714498794123,269.0735150671322,257.8403631180686,240.45084440854146,224.57190199102803,214.08250947364948,202.95005092065352,193.6721650888963,212.31381276495048,254.30664725157655,352.4996587747805,522.8728584819514,710.4630665380632,807.020663106667,742.8013443606272,616.4200093526176,501.7580025414709,422.9621032125739,360.8632577644986,316.7201733067704,281.1729028526505,251.13837222752684,226.02310907240403,206.1712432081019,190.40279321174137,176.7313300975153,165.67625720461234,154.13914781076548,146.86687480103683
97.0,44.09379391851849,51.03266460555603,73.7567242728,74.4678088629894,67.693500332729,55.06063296419818,43.02289823641929,41.286083917284046,34.6097354969135,36.69755056543196,65.41911095370416,113.12532904378723,103.92930213521187,72.90626778087756,67.19134606666626,58.91334854444398,44.856978913580676,42.67810401296328,37.36691884814761,33.69231146296324,28.48745967222271,29.15715629938292,30.236611505555306,27.43388297654304,25.510675230207127,23.22984009011003,23.797695769753094,23.543396974073897,22.113280573456922,23.237309956481525
98.0,34.61308333333337,39.003758333334034,56.022041666613724,44.58256388894203,41.36830555555499,30.37210555555664,27.909752777776674,23.710077777778373,23.18203055555521,15.260716666666626,32.8494750000005,76.52570277772415,55.4949750000535,42.4789,48.73708611111065,36.69906666666619,27.03323888888957,26.694983333333532,22.76647777777689,20.049538888889572,18.580894444445004,19.11944166666668,18.06054722222184,14.336316666666464,13.940658333280355,13.546,12.5517,10.5575,9.5642,10.57
99.0,110.81895318286631,110.40558688271466,108.40583576388931,107.61854060571396,107.85467858796854,109.85090486111629,110.15452951388336,109.46370910493408,108.59031182484405,110.0081330825695,111.88781657021902,113.56489483024531,112.86119710647776,112.53828107638763,111.78640148533998,109.95473101852163,107.97957037037527,106.00440972221769,103.36224907407141,101.05342175925844,98.41159444444536,96.43610046296564,94.1272731481414,91.15886550926642,90.17495185184868,87.90593310184826,86.45726307870257,84.67492638888935,81.39565150463487,79.67512986110528
101.0,32.15788687202053,26.372332806197285,24.09650543179318,23.193380088008798,26.28876810597726,28.151231894022736,23.345340174642462,22.24477430555556,19.067667193802713,14.222218325999265,14.126830308030806,36.33757127796113,119.64994900531721,105.73681117070039,59.23552828199487,44.271021497983135,35.57866451228456,30.186631944444446,27.253368055555555,26.20876736111111,25.208848379629632,24.187332175925928,22.19879629629629,20.82889330078841,14.171196828016136,14.251056563989732,12.33757127796113,13.22,13.08468211404474,10.27767647598093
102.0,53.51794527407417,53.31699501111287,52.27566346666826,57.03929445925929,64.79231622962884,73.88924772222181,77.16312828888941,74.84603200370411,66.58650053333264,59.98942276666648,54.78478944444261,52.24709782592489,51.31663074444439,51.06862210740885,49.444294603705046,45.93093322963061,44.65468559629581,41.0779849592593,42.063548211026934,39.05499614806461,37.39951627028525,36.708594262962045,36.25923012592504,36.10195352592592,33.42142924074018,31.963993344445036,33.98432133703882,31.56423771851862,32.7053620074066,33.05791510555303
103.0,55.288088606574185,55.37900480808303,54.595369924228564,57.488227821457365,64.47577569650254,73.43813848296087,78.88933187223633,78.45885393435077,71.98805964808454,64.55791036181907,58.667496287744044,55.09382792629339,53.561396785283534,53.063275455562675,51.86401428522056,48.88612008123108,46.7726970235602,43.874294859080095,43.28656441342079,41.575249646948606,39.38042514381504,38.32329252137982,37.77189735262099,37.50566479267561,35.615534103053626,33.67202286284589,34.54043794965266,33.59707302888805,33.52400229378652,34.16802119133209
110.0,8.246360493827227,8.962164197530868,9.360600000000089,9.373566666666648,9.386899999999981,9.40089999999998,9.135035802469092,9.799150617283996,10.201253086419776,10.621874074074208,49.9940259259258,56.9617703703705,37.306144444444385,30.381,23.43285555555562,20.522876543209836,17.8745432098765,17.506707407407493,16.59566172839504,16.965813580246913,17.369582716049358,17.00108024691358,17.40384938271603,15.106334567901234,15.509470370370456,13.212988888888885,15.213137037037015,15.232770370370345,19.495897530864266,20.8033870370371
111.0,41.1081281790129,37.82657429012378,34.961515154320914,35.79059879629564,31.624112345678817,30.17383148148143,29.92654783950651,31.034152191358075,30.23075805555624,33.60770003086442,47.08154015432129,85.18744540123384,82.65976422839474,59.568830586419146,48.97832904320995,39.23418206790174,32.799967592592694,28.931628734568022,30.191234907407104,29.719133364198047,31.460141080247237,33.769275030864755,33.290853734567946,32.41240033950589,21.946093209876494,17.646583641975454,14.951137037036998,27.55144200617229,21.866881820987157,24.538139675925997
112.0,41.402553605067375,38.211020804784276,35.35027425257196,36.010093827417066,32.031174534593404,30.440789843106927,30.0973160738172,31.10650986921303,30.34875765766525,33.48839557510312,46.530434653806886,83.42521294110014,83.12288283513341,61.14090976363109,49.78866679038071,40.11057679449636,33.46123072852378,29.570767879501147,30.49338019032893,30.073207654578663,31.60183264377605,34.01307081841619,33.71687382638896,32.846796194701376,22.76420015470673,18.061425620113305,15.33228357998968,27.01235190676388,22.377600065585927,24.47080972730201
113.0,46.1228463184814,43.83083986461028,41.50808721065884,41.973806936014036,37.267020161782824,35.222553592111346,33.83711672347639,33.916389067130844,32.27250245058662,34.153149488406804,47.307719368351535,80.89668973540131,90.76888378164415,74.27421644167046,58.212435020198726,50.69796300145779,42.43462035852967,40.54261977969625,38.84771433101932,37.80300149051185,36.682048491936996,41.94804155910343,43.075841417230436,42.04562699029479,31.19629262553246,23.497592577352496,21.49263383665117,27.322493860618817,28.279976933198924,25.724889794321953
114.0,50.825337478575115,49.259088652039864,47.63093316383266,48.77601814005001,42.14267593663514,40.168497921403244,37.95508481522517,37.327791223182295,34.26264415590551,35.71601064701594,51.37078194927967,87.28455441455209,98.77356797786571,83.2515572549101,64.98816388313037,60.00460455038677,50.84770047976279,51.70523952233289,48.47398331730669,46.32188597738504,42.817455489099714,51.2455711961198,53.35157436388239,52.06832703586161,38.12884318702714,28.51273016084157,27.642867961958075,30.77998465591645,33.47243965702664,27.82732193621994
115.0,13.422432098765421,13.200666666666672,13.444950617283961,13.870123456790127,14.326160493827182,14.205037037037052,13.653024691358034,12.817061728395055,12.505790123456785,12.623530864197544,13.273345679012346,13.64692592592592,13.723,12.406765432098755,11.028802469135798,11.226123456790098,13.826888888888883,26.81500000000005,25.613296296296287,16.39770370370368,13.68828395061727,11.755098765432114,11.150283950617306,10.743,10.252382716049363,10.079666666666652,10.1044814814815,10.19874074074076,8.984691358024689,8.173962962962946
116.0,34.024905666666676,31.826103000000003,30.652567,29.71563100000001,32.091095,42.748742,34.47838900000001,48.26007611111111,31.501961,34.73672114814815,45.31011225925927,73.6619997962963,104.3259512962963,81.86582,55.24135344444446,38.349135,41.97257,64.87600500000002,67.29323500000001,50.43408,35.982515,28.758540000000004,39.60836,25.154384999999998,21.14454666666667,19.62415800000001,17.942942000000002,16.984244000000004,17.047145,16.748305000000002
117.0,29.09966666666667,27.241000000000003,26.249,25.457000000000004,27.465,36.474,29.483,41.132777777777775,26.967,29.70137037037037,38.63914814814815,62.60524074074074,88.52574074074074,69.54,47.034111111111116,38.547,41.553999999999995,60.56100000000001,62.567,48.576,36.583,30.588,39.592,27.596999999999998,24.269333333333336,23.007600000000004,21.6124,20.8168,20.869,20.621
118.0,23.272877899999997,20.69887892,23.149388180000006,27.54526568,33.886349360000004,37.51363005766985,38.84102395962843,37.84079106480181,30.84002557466967,31.96335252586688,57.27209902094746,121.09311303601237,63.78559790572432,68.7841877,44.164384149529354,88.2573173,151.4834057,90.7392662,56.7285443,40.541991499999995,33.431609,25.99694444,23.09963576,20.5259609,19.57239986,17.807404399999996,17.014930999999994,16.384517600000002,15.785705900000002,15.592314300000005
119.0,21.529407454017424,19.037636902226524,21.409862710551796,25.665310435624395,31.8038231945789,35.31522754856714,36.60021680506141,35.63193713920795,28.8548166260113,29.942258011487784,54.44249663208854,116.22469800194808,60.74791665607389,65.58682255566312,41.75351805375543,83.21499742366412,143.54523444656488,85.58326927480915,53.13029036259542,37.685106393129765,30.90039026717557,23.806244694656485,21.04163717557252,18.585840553435112,17.6759540648855,15.991798091603046,15.2356211832061,14.634081679389315,14.06269646946565,13.878162500000004
120.0,35.193888888888566,46.08151851851883,45.9737777777782,35.565111111110475,45.22125925925947,57.107888888888404,80.75940740740829,59.58585185185096,46.714222222222006,46.953703703704605,112.5867037037028,124.28351851851885,97.43966666666641,70.0181111111121,64.69303703703629,59.26222222222248,59.501703703703754,52.9551481481493,48.4095925925909,44.97977777777841,40.0996790123454,37.81559259259228,36.570753086419366,32.801555555555986,29.40493827160525,27.566086419753326,26.689320987654533,24.256123456790267,21.78467901234579,20.58770370370376
121.0,92.39152025463123,82.07628144290248,80.09076701388963,77.06411203703712,77.16127870370347,77.25857870370389,77.35641203703622,124.78709085648269,140.86140740740802,109.47636805555209,125.5526846064827,141.72765740740803,189.95258622684932,174.51147395833493,158.8359907407414,175.25825520833192,143.40272627314943,127.50555555555664,111.52482233796236,100.86207658179016,92.31906956018452,85.93950127314803,79.5322059027774,73.11503553240699,69.93469722222206,63.49233935185252,60.303726041666685,57.104298148148146,55.50538888888879,52.81960956790048
122.0,127.76387766100086,107.99959304605758,99.85655607778399,96.56771757888754,95.67540517867216,97.87215335807791,98.57148849881813,135.4606750282175,160.1212497314584,142.6164747281904,146.8082940058509,170.1732870825284,217.04703811055907,218.0920212702272,201.13080099309448,220.01700331218825,197.85562317508044,162.83962053386915,140.41604285324902,125.73808153951148,113.98382335026022,103.24699235688084,97.69500200226656,94.65911953256665,87.67342624798027,79.51812236602906,74.58727829277635,69.7101895228369,67.77357809022983,65.04323980312833
123.0,585.4923457869328,510.1634246917424,423.87641538381945,376.0394260787111,356.0886782489955,363.785539666849,353.89606308881963,374.84854263185656,395.1307633066371,441.11745916793586,438.5396148180504,531.2132307647956,604.0660192150738,668.9455147891833,680.488590614239,797.4618130055693,769.3828837258179,599.305724721082,527.8496009240679,498.6176815954583,435.6942456347031,362.8770867738774,349.6887342729043,366.6093787720169,322.028770182178,286.43557429422896,268.74675062171843,242.92465859362773,234.16228391439324,223.4646700595852
125.0,816.9223690481813,663.0015717128585,760.7481246917423,747.306007976412,522.7852334861185,476.10067454529184,478.377539666849,570.9117593851159,502.44524263185656,492.99989170169886,522.5290443531211,721.5647111143468,737.8193307647957,793.0216414372958,816.9478333077019,1043.3914572809056,1205.0430055981615,1022.9247096517438,832.923924721082,705.3127935166603,613.9766927065696,530.3195123013697,442.92598307017374,649.1613268654969,539.6305676609059,386.58466647847433,356.79013355348815,335.9231209920888,322.2774116800475,320.4018561366155
129.0,1533.5005612879272,1363.6789546841092,1269.5119255890925,1234.8460081369865,1234.7421415568492,884.2897716271034,947.7119139753676,900.662873399392,1000.8609415689187,817.1974022140297,741.8536022848158,902.7013423740798,1365.7019246816471,1269.970880648101,1452.952494805068,1781.0295228351094,1929.8469838725666,1975.8127743180712,2138.8521202116954,1815.4022318318127,1329.387800905942,1080.041687521142,995.4758491958798,834.8824608050264,1113.1450243152508,915.9956516564548,820.4974716586872,699.9947086507515,666.8323510668242,626.4211587614576
130.0,1805.4348814753312,1598.7090146373462,1479.053894707901,1423.0180050177505,1338.0340551010422,1109.3330689743739,1005.5846682438378,1041.7620024459661,1068.9961102842908,961.7009501962624,834.8024271524409,932.539678653759,1482.7013590082265,1388.4854382958233,1488.5595489886364,1809.378845106543,2106.0757565884405,2302.8787875583703,2380.7708684761833,2235.0924326485333,1635.9995841620914,1309.0842475220102,1137.428421749101,1016.6684849802278,1105.8166236757029,1118.796933474163,947.6980194972632,838.4594862415066,770.3568502658886,731.9531265430147
134.0,256.7032222222221,156.26147777777786,122.59741111111117,132.85011111111106,135.6860444444444,99.99430000000008,95.85701111111106,100.10971111111114,138.94464444444444,214.50189999999992,249.53137777777786,224.08853333333332,151.97812222222225,157.3408333333334,375.50719999999984,413.7855777777778,454.7307222222222,834.5368777777777,1012.6486888888887,941.0937333333333,619.5944333333333,508.37191111111116,553.3725111111112,595.2343222222222,352.372811111111,263.45684444444447,270.2342222222222,320.1238111111112,283.56785555555547,233.79077777777786
141.0,1380.816671563371,1149.0606039725762,838.020312049281,599.3599050963749,570.013839257547,517.2845889804166,491.2423113792513,491.03382743473145,608.1235145480289,676.2827966960467,665.5879710919477,659.3234274460348,639.8964097011736,793.1802495284877,1181.035111649089,1541.1779157799601,1796.0815881806072,2011.880224977545,2129.020611327516,2249.14297982201,2069.664174830829,1970.2974128896149,1667.2848394063985,1409.1722195208679,1186.4675679299785,987.891243449714,876.1251028013995,849.5751930818898,796.3224455451898,756.9603862237656
144.0,1673.6583201485764,1840.2399506772242,1594.1130836503314,1049.1484865455575,865.5756299033322,819.3453693686006,805.3433579980931,803.1133790918087,1034.2995594395622,1065.0302788400193,953.7447930323567,930.5760617288679,946.8804781025788,1230.481918378545,1515.874422150482,1794.5165900573218,2661.688686755816,3132.9820621800395,2597.657646713208,2705.0478640884617,2866.4124454258476,3044.925190533738,2764.572661852136,2254.9527703296553,1773.4781361385787,1632.6360357353608,1465.5555929246893,1356.4717757056578,1176.9317264099973,1152.2320660619
145.0,166.6474629630273,154.31292592592968,126.402,126.42117283950328,127.44651851850985,150.40196296294806,179.35640740748627,198.36540740745275,203.4094444445047,193.45248148149082,164.49351851850918,143.51503703698612,132.53455555552821,209.3864074074856,199.42344444443955,211.421444444504,185.49351851847692,167.50903703701903,147.52355555556045,134.18488888887228,122.17338271601419,113.82787654318855,109.8157037036855,113.13619753083792,121.45051851844342,151.3879629630145,137.41899999999998,130.75217283951406,122.75234567899516,120.41325925922173
148.0,1558.7547962875892,1649.586994655217,1385.1420781428728,925.469579408476,766.8732408089055,725.6345180402783,703.6421650687226,698.2122651049658,876.4803798767392,924.3849540896305,856.919693768997,840.0843036208432,847.2657624810118,1063.9129312629789,1346.143428402172,1657.612377804638,2347.342074344921,2730.941387519274,2411.8066611816657,2535.219402976605,2631.6926382569745,2702.749885037843,2439.731578734445,2002.191295984668,1602.711918694063,1445.1286772994868,1281.8904374237982,1188.135405587478,1054.3741210801131,1025.3171443219776
149.0,612.8648408548644,384.24720415240233,272.16257050324106,246.8051,208.3150653103576,191.72388803616008,182.9636405034804,194.34742546612878,224.69558068387317,217.25339882709613,202.33532697469502,203.67255496400745,276.5288777163274,522.6186870920377,751.6771295535117,755.6638747604027,725.1179956860858,801.7457454868668,814.6534504011549,695.3592186772931,694.0214993022379,529.5972012090069,361.51857200715637,292.16578623674326,260.77790010051086,240.20200666894274,228.04750653796455,222.42666912991956,216.61199515661676,213.1203842772207
154.0,131.02589506172842,129.27470370370372,127.85993209876541,126.6133703703703,133.208524691358,149.30897530864198,165.488024691358,171.99148148148151,173.40124074074075,167.62635802469137,165.6077530864197,163.87166049382714,167.53669753086422,166.3867962962963,157.16987037037038,146.48864814814812,136.8937407407407,130.57462962962958,125.48733333333332,122.54587037037042,119.83622222222216,117.83722222222221,116.79457407407403,115.7816851851852,114.7109259259259,114.55187037037035,114.00127777777777,113.95762962962965,111.45101851851857,110.42241666666668
155.0,331.24441657438445,380.3076109972493,394.9581344756875,347.4969249488321,330.8668177415716,288.30138940105644,258.1492682009278,215.2349889363428,181.1211274583752,194.3268038817439,214.69675705665955,206.4187621641536,191.8736871650519,194.91573382834386,234.58870144303012,261.1930273275204,330.9212120333136,451.35803288663385,545.732544151891,581.2165502337018,527.4509142831557,474.29038609120107,403.56276367833283,331.82983958835234,276.6068345897369,238.67230859752857,215.10253548115813,193.38688892120152,175.04773777413254,164.44416934716097
156.0,1810.7063267169754,1889.662672287583,1910.4700133056613,1942.3566850612908,1977.331758088269,1905.4867753896071,1839.9983840577027,1749.1996532524677,1669.1315907371009,1641.8557115983187,1654.101334487148,1658.6902299012304,1642.6654413465626,1651.3303503938612,1739.256121166623,1900.0052524699288,1987.2532169348408,2262.361328652942,2454.509991593422,2587.222276587663,2623.895760360561,2576.8167345505635,2515.148258502641,2312.5502314671508,2184.68734272246,2070.4063978561867,1984.8445493518,1908.1466629126776,1721.1544297020898,1437.3440642040719
158.0,53.74239012345677,54.139676543209674,54.02492098765421,53.2021987654321,53.04148024691379,52.95671234567911,52.810549382715976,52.4351148148146,53.07235925925927,52.94450493827176,53.395687654321186,53.982039506172846,54.63438271604948,54.94200987654338,54.697501234567916,54.68380740740713,55.45122469135769,55.22206172839506,57.04912098765431,59.24963703703671,102.4650222222228,105.606233333333,117.21040740740774,109.36823703703665,103.02959629629642,95.34373333333365,88.88845185185146,83.42163456790111,77.56868148148153,74.8587092592592
161.0,164.60399999999996,151.637,157.668,199.701,348.735,298.77099999999996,300.808,168.48014183663264,140.82263609375948,230.7152310163316,351.8151308085682,540.3939464175323,578.4410400908322,307.079,244.552831503489,257.119,385.15400000000005,442.19599999999997,230.229,189.262,156.293,130.32199999999997,181.355,111.383,107.411,93.77033333333333,85.12966666666667,82.823,81.51633333333331,81.53
169.0,4683.0,4789.0,4861.0,4926.0,4967.0,4943.0,4906.0,4823.0,4659.0,4556.0,4503.0,4451.0,4419.0,4540.0,4564.0,4592.0,4519.0,4385.0,4238.0,4216.0,4276.0,4347.0,4490.0,4566.0,4632.0,4588.0,4575.0,4515.0,4504.0,4574.0
172.0,4453.0,4586.648148148148,4690.314814814815,4789.0,4861.0,4926.0,4967.0,4943.0,4906.0,4823.0,4659.0,4556.0,4503.0,4451.0,4419.0,4540.0,4564.0,4637.0,4599.0,4519.0,4373.0,4242.0,4276.0,4347.0,4490.0,4566.0,4632.0,4588.0,4575.0,4515.0
173.0,4453.0,4586.648148148148,4690.314814814815,4789.0,4861.0,4926.0,4967.0,4943.0,4906.0,4823.0,4659.0,4556.0,4503.0,4451.0,4419.0,4540.0,4564.0,4637.0,4599.0,4519.0,4373.0,4242.0,4276.0,4347.0,4490.0,4566.0,4632.0,4588.0,4575.0,4515.0
178.0,4329.9629629629635,4453.0,4586.648148148148,4690.314814814815,4789.0,4861.0,4926.0,4967.0,4943.0,4906.0,4823.0,4659.0,4556.0,4503.0,4451.0,4419.0,4540.0,4564.0,4637.0,4599.0,4519.0,4373.0,4242.0,4276.0,4347.0,4490.0,4566.0,4632.0,4588.0,4575.0
183.0,85.68010951929722,85.69562603337765,82.79817156594649,74.97444834290123,71.50755993384773,68.86139904753085,72.71315232263375,80.82485918703485,96.81191453107216,104.91472181419756,103.44468386193415,99.21377041563788,105.20105798600824,144.23590977530864,175.13599102167163,177.13653513439664,167.598302780577,215.130004130227,209.72964699982018,244.7691562328139,217.36575793683127,235.41657067504426,213.84789382443876,189.67846446845348,164.3635576850116,142.96617579944828,127.28319002525772,116.51391563569958,107.98275793976288,102.81564060751028
188.0,295.90584320987637,242.47844197530875,207.19621728395043,227.2077456790128,253.99326543209872,239.80898271604957,209.29814567901175,174.85466049382674,150.6770619753084,130.88142148148162,126.43833407407412,138.30445654320965,159.33259135802496,183.3075481481487,209.34374938271625,240.57849135802456,273.4280703703712,298.85756296296137,296.52990740740915,310.80484444444335,364.73225185185134,529.2984481481486,802.0502,1026.0899888888903,1688.1291481481464,1868.4757629629648,1653.1747,1502.4728592592578,1351.302425925925,1243.7040666666685
190.0,510.37364074074065,480.3585185185186,458.47611111111115,440.48997160493826,435.5671938271605,441.50414074074064,444.74201728395064,450.26003827160486,446.3455938271603,449.5619518518518,449.58228518518507,449.2629518518518,445.7472938271605,446.7549604938272,447.0926604938272,466.38145061728386,513.3371135802469,605.4073481481481,726.4960888888887,997.3012296296297,1058.300011111111,1104.6006074074078,1106.5980074074073,1099.459159259259,1097.6087074074078,1073.457859259259,1003.4247407407408,945.367522222222,839.1552555555555,790.4804444444444
191.0,1637.7184027407754,1389.5311510954566,1295.3498720380132,1242.6913762779484,1175.7884884719815,1164.5403404135366,1219.1182289004025,1269.4113477847156,1286.5407824364238,1262.6695190678086,1272.4050609437325,1350.9309525107851,1388.099964531626,1353.993916422579,1408.8635069555864,1537.2792934623042,1579.2278370939869,1592.6444813476844,1707.7319581155896,1859.6041540310168,2173.6473147564443,2414.0072803312337,2515.7925444883263,2320.5617104280577,2077.656281565095,2044.1073124967425,1958.7139239796809,1914.6159414810174,1926.319802184576,1773.4124801411162
196.0,156.5196296296296,131.59400370370366,90.2794888888889,64.40478888888886,57.215274074074095,52.33141481481481,50.1419,63.19312592592594,127.97120370370371,132.71124444444445,91.74395185185186,73.63777037037035,65.18436666666666,120.66614814814815,165.10989259259262,171.48992222222225,178.37448148148147,169.10163333333333,149.4064888888889,145.1429,131.05986666666666,113.98509259259258,105.21687407407408,95.9856925925926,83.86925185185187,76.33261481481479,71.67913703703705,80.8461037037037,116.87781111111109,107.6373703703704
197.0,141.27022222222226,129.39492222222222,119.08896666666666,110.58503703703705,90.32074814814816,72.97322592592592,94.81641851851852,80.38556296296295,56.51116296296296,49.77475185185186,47.081007407407405,62.60375555555554,99.16364074074072,120.58553703703704,115.96486666666668,96.09046666666669,133.01609259259257,148.03984074074074,132.2802814814815,127.89199259259256,122.35465555555555,88.32294814814814,74.40588148148149,81.81861851851852,87.74414444444444,72.0828074074074,63.81851851851853,54.546070370370366,47.66141111111111,45.851925925925926
198.0,211.4320416666667,200.4715430555556,170.55693333333338,149.89635077160494,121.03705030864198,103.57539552469136,126.01590154320988,161.50285046296298,109.47055555555552,92.17104614197531,87.95103750000001,125.09745709876543,121.67179799382716,200.5462160493827,187.0266063271605,162.16320000000005,196.54675385802463,235.0312413580247,251.2122489197531,262.7879787037037,195.9803674382716,162.51884645061727,131.69333703703705,123.99599830246912,127.43969320987655,117.77840570987655,108.40328734567902,98.75720570987656,91.70497067901236,89.61576867283951
201.0,25.56821833333307,33.82753666666668,22.99260766666657,28.758264666667014,16.703549333333072,16.736544999999868,27.74466833333365,24.382085999999905,28.1828813333335,21.25026266666657,17.342685666666405,29.834191999999998,29.841828666666604,29.102257000000304,43.36834033333325,150.9535160000001,69.84977233333335,45.083614666666676,33.28662366666639,29.57983833333352,32.39126399999989,20.192689666666762,24.26811533333322,30.970290999999996,20.72696666666685,22.66209799999972,19.547812666666925,18.611276444444524,13.909073555555551,12.095492500000134
202.0,38.18187485333292,51.00033690666668,34.18452709866651,43.1328267626672,24.423908565332926,24.475117839999793,41.559725253333816,36.34099747199985,42.23983182933359,31.480407658666508,25.415848154666257,44.802665983999994,44.81451809066657,43.66670286400046,65.8076641973332,235.55560176400013,107.49279051433335,68.38702755866669,49.75957876966623,43.90656472833363,48.345805855999835,29.084256983666815,35.51935411133316,46.102089488999994,29.927880366666958,32.98345274199956,28.065996200667072,26.587205505777902,19.162427144222214,16.29878265750021
203.0,44.172789786666215,58.312742773333355,39.763344325333165,49.634149109333926,28.996476458666216,29.052965039999773,47.898872186667205,42.142131231999834,48.64909284266695,36.78044968533316,30.090677861332882,51.47613670399999,51.489210677333226,50.22306398400052,74.64659865066653,237.40083418400016,109.74354165266669,70.76160948533335,52.19314565133289,46.35866553666696,50.78384953599983,31.583293535333485,37.99801353466649,48.547238033999996,32.42424553333362,35.470142251999555,30.56825713733374,29.09414912355568,21.692881776444437,18.838305195000213
204.0,1421.2736042869647,1348.4504848910585,1291.5561685993894,1266.3086569417105,1237.1024914082564,1188.6720034724467,1127.3903976907156,1095.4126100488104,1091.4783418444938,1111.0244692440033,1164.4097513901945,1219.4762876675118,1292.8790808117046,1322.4331311250771,1299.7413949254903,1131.7154837354926,1058.1196411711712,1038.553182371422,1147.2774147535142,1283.7609029531668,1360.1485121296346,1242.4268724992185,1063.5997236937885,885.7726579004313,788.6531593551209,721.438879468454,693.0628253437569,671.1798643744993,649.9346509541688,634.1559302902419
205.0,273.18873590852047,277.1780650401203,255.00616276574695,230.99108961503487,205.9731919003501,196.39014992127673,203.60386798037305,197.0287145902283,195.29916127927942,219.3947673002871,259.29263152239423,293.35454576432164,281.31378552012717,283.45099974982486,285.4672987987817,288.43759239788415,281.26722460965215,319.62861382808467,333.83970800827234,297.41183391264997,296.9911642248931,346.5796930873014,312.74510509552937,287.89491385175967,254.6935654726501,226.8464962397089,211.34201009472787,205.9764951101865,195.6320200707579,182.99565288405213
206.0,949.7516559155774,921.5918720610828,800.7503823901483,736.5869927166822,751.4246146157018,788.0324112900292,757.678431306129,691.9595912272687,654.1727205731794,621.2635175023771,587.6940901670613,610.8754156457871,724.6270942415094,853.1689940082457,972.1115443392014,1112.3530148812044,1252.316005167844,1296.9758090267514,1173.035897486222,985.2221664338632,856.1634113771463,762.9238640795317,711.9647431930881,692.660456848621,655.7949216685372,622.7296300250943,596.5031864087755,569.245690870511,547.9963580708885,530.056163741219
207.0,923.8439592264168,930.9065249522166,829.1407458772079,752.9949013356601,751.3502643518617,783.2301597040454,766.6676533644073,708.0939993500775,664.4675220794612,630.5806480118029,597.2655767575276,608.8107727152848,703.9465633606962,829.9559570430206,951.6316254185035,1087.914409686599,1228.0928004655507,1292.291074626022,1202.9688273744239,1027.9202227675758,886.2478187272573,785.3582490906662,725.3589502282805,699.2196701522415,665.8268229549898,631.8011963689195,603.9506185306412,576.7141634102843,554.0624267247217,535.3300755964065
209.0,660.3832101919214,721.7048646652398,740.6283358736998,707.4259295712134,666.3977167902336,615.6515099368437,614.3503829733003,613.1437127239085,625.7319816545959,634.3418353982481,720.5925102126929,817.4112086234762,1002.7406104913164,1091.67273960405,1018.3753332579761,970.6196403680624,964.7705549377526,1062.9717034099308,1105.2220047819162,1038.353653185964,1037.3269396021153,1084.9326620085226,1056.3555185281848,1036.9748097922172,985.2424743687326,914.1017101707249,826.8498003858299,752.2376959691185,702.8925083623003,664.7572012402221
211.0,1408.953324687455,1214.7119165510614,1163.3124542234207,1105.3691307734962,945.6139831351976,774.7217782374174,721.6089676318081,768.6608710939938,752.7634177101975,669.916793836692,581.1032289867305,522.5572646158189,534.444989155169,630.2752206253641,744.6816759326366,797.1675124291952,816.1109701692458,804.755153799935,850.3911833931164,852.0404508191831,809.7348487659651,756.0188841188019,687.3735731309091,594.3194988527564,541.0895071164991,513.8003799498757,485.3521752089828,433.9633975686641,390.2853424159289,364.4594927395829
215.0,43.6712024691363,39.60876543209918,35.25364197530808,33.29149382716028,32.722654320987374,30.42950617283957,28.175938271604448,25.885123456789984,23.63422222222152,23.69913580246927,32.88354320987683,53.50225925925863,111.01374074074137,96.92437037036804,82.815,68.71562962963019,56.97998765432085,47.30365432098815,40.31538271604924,35.72008641975365,31.420543209875216,27.198827160494048,24.95992592592557,20.073876543211075,19.856703703703076,15.343901234567905,17.42898765432064,17.08451851851915,14.425567901234775,12.445796296295557
216.0,91.13352573000644,82.53360948000955,75.38951346777591,69.14032679913869,61.752021824116326,57.51875246960783,52.95681226211688,50.47790666281949,44.8337690978241,41.20748706583468,35.805255127217066,88.30814983963654,162.26740842775533,169.87710349776668,145.20786826038778,124.67388988150978,108.0218754154924,94.2056935132218,80.85462906438207,71.51550069197033,63.89513671483997,58.63912996248129,51.17991971436233,48.99246509215787,44.58336742661513,40.64668615118485,35.29227181132431,32.56064975424288,30.81070572905867,26.361639261919194
217.0,174.73244292877678,157.56242124698488,144.2449426467328,131.97622568901164,123.03738048446665,115.07880288760154,108.56909131648015,101.54963847481352,94.2898554729138,88.39470647689043,99.62963560269877,198.02421729824158,356.4112464176457,447.7651389874514,384.0519195210514,298.8469627129249,245.55410517936497,203.36345637793755,171.84786190608682,149.88208864360902,134.88298567871308,122.79467562260928,111.9871868754598,103.06396462548231,94.10928817296828,88.98515117161543,81.38227651211952,79.75835399265982,74.61392126016865,69.53707573622862
220.0,11.631926611589279,18.1868650488775,23.680105108054327,26.570351695973216,21.747212560935825,20.122004271285114,17.517577124477846,15.469541272373462,12.180972443400485,14.011751608180948,27.421326874323825,41.61868339901383,50.35098652743413,46.85859145367461,38.03011667608183,32.32640928992329,26.31137954761048,22.469546656501624,19.07581934482133,16.1900814940351,16.871405620535718,13.060440751177625,11.529629440872526,10.170915366448812,9.970654404301653,9.54584021728474,8.569180154547977,10.123886072082223,8.400807827295118,7.4385213377043415
222.0,356.44453325636846,341.0795020019845,317.64051435188645,307.05217849456295,295.90269386101744,291.38324891818905,276.54155605589085,266.698858439135,252.9120344737957,262.19065194885803,326.36319847303383,452.4816924894205,606.2201006430264,745.0960744715328,820.0876842115255,810.4600000950288,758.6176900727895,699.3228633685334,634.2536085790781,556.9649061300736,481.47545492529616,420.4401486315396,375.33531535865035,340.0174206539172,309.1431351382756,282.77818659203615,262.6989820590618,246.79304382375648,230.28755561872262,214.99918603483195
227.0,1304.3790094096805,1331.0151999949346,1348.3977724872009,1352.4670871902065,1362.110189236081,1366.1968138502991,1381.3700630786716,1387.0734594907424,1386.616771797853,1380.3070030864483,1382.553711805565,1400.2938379629747,1424.8870451388987,1460.5169820601568,1502.480252314821,1536.4067928240759,1545.1732492284386,1526.3963933256214,1492.4462881944366,1466.8662461419888,1451.4095584490988,1435.619537422807,1416.8295163965838,1389.4961830632503,1356.1628497311224,1311.286204090681,1251.9528707573475,1182.9397056327332,1121.0838610764488,1087.9210123901248
228.0,1411.967623529599,1452.1363242562948,1463.2378947496366,1469.1471559422314,1474.6685475091585,1489.7951769707565,1511.143178208577,1538.4803129581094,1552.0282218766336,1550.9407744422272,1533.7377560924908,1518.9385634162936,1518.7492641300114,1540.2536471112949,1590.471546995524,1643.6625303337369,1679.468305571639,1676.8540736642112,1647.1030756253037,1604.184516669901,1569.2122122315714,1542.81802453866,1524.8104109197702,1510.0910904706366,1501.060997878421,1491.6641058637886,1471.8232411277088,1423.3680124108291,1357.0002694889993,1298.7690024318504
229.0,3941.012897274002,3973.425303959224,4012.3525895898224,4035.9782921078363,4078.47943868734,4151.229451296172,4220.601791805293,4251.862473495523,4208.142474403959,4172.874666062115,4148.568289240575,4232.746854701396,4354.057433009891,4556.9136979982395,4778.821165589679,4978.956714167357,5083.994844414266,5075.218311723152,5011.807932428676,4974.693121549705,4996.477869856014,5125.692802348368,5327.813865085209,5562.194267843497,5750.835208235257,5882.19743004765,5995.931232087591,6082.22136920082,6149.575533488414,6165.688725433782
230.0,3948.9258069788348,3989.088346342701,4026.332839369787,4054.316472301192,4091.1681277016523,4155.1637283852615,4225.693064701244,4268.120736602539,4245.795805327885,4207.690576689597,4179.872611652413,4233.008596614212,4344.369642342135,4525.098382104417,4743.407972581065,4951.794296932199,5085.6684205311385,5110.076185808059,5061.928013161787,5016.480913189404,5020.814900655563,5119.465402765875,5302.007069159185,5529.254044827884,5733.278831743215,5882.894035557923,6003.081017481497,6098.360843787239,6171.99830154342,6203.31095578305
237.0,1122.9092516112416,879.5678552300627,719.315096911542,567.3764340261409,504.7323724221108,648.7486334615736,850.6245092034103,904.8186635459143,824.024398225843,642.4407053047782,601.9852090857662,782.5308522562352,1102.1597834986596,1421.4145626970874,1334.8390279587309,961.5277920524447,805.0821116393363,774.9302738194342,885.4146204107892,822.3214776713635,587.1986493865509,527.7040448821481,472.45238181045477,451.96349047873633,495.4797583697226,424.1086623017391,387.4184583769323,353.5414688200596,328.3242945072172,329.4506773400182
238.0,1322.5801487875544,1077.565934081752,875.0836768319127,718.0256280521834,608.7529052741419,661.5661212696374,835.7360649491745,969.6561813691243,953.8407481803287,824.1914729041879,717.0580282396971,791.1203457098779,1040.1600462774536,1361.3908751034496,1474.7658872223667,1244.7521120722627,975.5917176458889,870.3990661960605,906.8866585929097,929.1109598410981,778.9765685734133,631.3203273482318,572.8548554824163,535.0988795890573,547.0350788909207,533.6236413107414,477.36179951710784,442.35594018459483,412.0126430886162,401.2136005611012
239.0,1649.6318530139527,1346.925136390804,1121.858630313004,940.2369611550276,803.2594840576378,798.3620187095772,914.2083059742513,1079.576133411652,1133.7889471716508,1064.0189471193964,953.1044486632628,944.2979685408148,1103.8334453714551,1392.4106534380217,1604.0097334042914,1545.5549235065894,1287.7294935035175,1077.6693999358065,1036.2392107932892,1062.7644095281564,996.8345838541916,847.2706379629702,742.1081485076152,694.2173376715727,682.1203506992955,682.3754582925178,643.2460577793457,598.1465674931118,563.9400899337852,545.7668745484383
240.0,2369.646334757128,1861.3764753080786,1503.9175570550726,1262.681248914792,1068.90593089405,922.557807321794,885.7154649260042,975.8149890085427,1130.663179482177,1209.6749365349679,1167.0295326725384,1065.0809420071614,1035.1653331541195,1158.2853625806606,1419.017271824159,1644.9547586890915,1644.1623409641684,1429.1437336663626,1207.9658870190567,1130.1189011280094,1141.1100685339236,1094.540915444059,960.9704451147612,846.2062024697211,785.1051180212761,765.8249428263084,762.2367666361442,730.3053642184932,685.9621690069148,650.6817817272145
241.0,252.00895764431348,249.151115332981,243.48737342069145,236.8757774766338,231.45074147997815,228.1059168088276,227.51884456016103,230.86832301424823,238.559550962854,249.32148236289157,264.7442958782387,292.2435449039504,322.404694241922,337.90646160925616,334.92211524515795,321.0201463735773,302.1109856069698,282.30546798561755,262.31010735325486,241.54754459835456,221.80853591993258,203.9049884965435,188.81528937398772,176.91097854675368,168.81320190275378,163.35658749155095,159.6046261378587,156.93444145515298,155.20581097801238,154.1477130196608
242.0,2572.580484430639,2176.5632021655692,1734.6147382595252,1430.4265852478236,1209.7186180093593,1037.653224647128,939.747436491882,960.8531935456816,1080.5492039667297,1201.2869881235886,1225.050287926182,1155.3798228223818,1086.510832991376,1126.2059999072235,1312.0185953617108,1556.1325826557693,1678.7052366510952,1580.2275885219265,1361.9255230296715,1205.9335742223386,1168.2607078171918,1152.9092195340372,1065.8999233038749,940.8102567250509,850.1369354867653,808.3118597343278,795.7226089061837,778.7462817884302,740.9337350979104,701.2161782142327
243.0,2311.155743994708,2608.2574392629044,2509.645504868305,2100.9867497199853,1692.1887536576571,1407.7942787565473,1198.4707007591767,1044.4953777247133,976.1170794814836,1021.8663863097197,1141.9001185165482,1238.4882073201295,1239.618421154602,1171.2890892324988,1130.235525604021,1206.5066441369372,1406.4069544780905,1619.4190273046984,1685.8394637356132,1556.259316473368,1351.9519591353835,1223.751459848124,1189.7412970142072,1154.813487096282,1056.8604833008199,939.1744531775107,859.7316235273113,824.3392021998317,809.9766361443002,787.3864461756815
245.0,13722.304509301712,14003.749131213704,14095.147723173719,14034.652230273396,14068.123492287317,14036.594100572958,13805.145190598574,13422.073021679389,13009.258964272627,12674.7349676452,12512.755527567222,12543.01438790889,12607.068593030075,12680.581722725183,12920.477467940393,13397.57851644071,13999.572225540756,14579.344555784659,14969.824649476623,15195.807231953553,15078.820780619988,14693.35776212142,14178.584039430583,13608.36168222618,12952.778102864044,12257.902944072359,11642.3479266125,11024.00421705757,10435.917168704893,9866.155427088464
246.0,14656.781076773064,14643.386206624273,14852.939380227184,15103.850320822163,15164.13185353943,15132.37592469539,15163.345944946708,15208.06245120139,14996.336002201399,14589.781583803018,14199.928852423225,13821.832150820865,13706.782183503554,13827.546137198076,13880.791803246153,13911.008249447663,14119.518953862666,14479.999573787498,14983.987739212487,15486.338445816296,15816.703430440637,16007.555974261528,15873.944929667452,15443.381840745105,14898.061016049423,14303.476541529684,13637.879412234519,12922.740738380711,12294.86305358911,11671.95373360279
247.0,294.7613798607432,287.23389367703044,275.56191063815925,270.838990894069,261.2348738203708,257.7118162620339,256.8261138459404,257.33104707041457,260.3206846371065,255.99305989112426,252.96688585628732,250.9226769920987,247.6625318012677,251.94083870315032,253.96749571120944,266.83583943631555,273.80933792750596,277.3749726592189,270.9878842765253,258.7898073245576,243.60884653912728,227.7135798842954,214.72128222435046,204.03023245070773,194.03490638926948,184.31202075035125,174.9718737816903,166.27769378513662,161.3165437948507,159.32966726908052
248.0,309.6441721553375,301.00352144896544,289.8845939746242,283.228940811166,274.44763724019776,269.2585059331564,267.6768081438114,267.85498014193064,270.3471738266113,267.66975714693933,264.1929760950666,261.8186722156488,258.7275833972382,261.2983436689734,263.9717904539539,274.6622949582199,283.3981171115515,287.96328879552016,283.8000386073569,272.5498666867203,257.4863320620483,241.11178408236455,226.85603163072483,215.14719914543412,204.5642653502699,194.37086829851813,184.5484757698539,175.33297778880532,169.233243060218,166.4205672606528
249.0,391.09133130931417,360.1218000648044,316.8909651727738,280.9824734954707,252.1079358128529,234.01442438513396,237.92942829179256,272.9090746420571,319.09845158437145,332.5923979425487,325.6616313739128,305.34228467100024,288.35459988494586,272.77186831230216,279.24606530160185,278.10342110105626,262.37488291584634,235.8229727856771,212.0366519006066,198.6387152541563,191.9072644203566,189.02259116062797,181.86325717806525,172.8311656756121,164.7588388580223,158.6524944361969,153.8136901608655,149.00153297415204,143.60234138388867,139.72343717645055
251.0,300.021653034433,303.8725669854338,325.190428282788,354.58322295698105,364.3105119415143,339.30201911343613,303.27714125686015,280.3628289686399,279.67461147098146,285.7167273633289,288.160660777607,290.004953185919,291.92251304155263,292.2159342540487,291.59466911369066,292.95121658923483,298.8581880528522,352.22400642539253,423.5277336376065,466.4126599259147,486.5100840731859,498.70994842797614,522.5455865452847,538.4766150377701,511.69807156345587,464.85413755834725,423.4532212838191,386.01418597378637,349.9820329792349,316.7164802429305
252.0,71.79518185185185,77.83716333333332,71.16065407407406,65.49865496296296,65.19934940740741,70.57886792592592,104.75956237037036,105.91288644444444,106.01351696296297,108.6354336296296,125.87543362962963,126.16761970370369,96.78778637037036,82.24951785185185,92.13059192592593,92.422778,133.66309281481483,156.7734724444444,169.84001962962967,146.78551037037036,87.3514085185185,71.77155666666667,67.42650199999997,67.42650199999997,67.22696496296295,65.70250199999998,63.18035385185184,61.09319644444443,59.370058444444446,60.16820659259258
253.0,1918.9100036111904,1667.651220290326,1464.689814456833,1379.2419762201525,1318.3238045943192,1267.430660382275,1276.2244357213467,1327.8900502327365,1366.3660188099514,1369.8781628974946,1359.2788240868065,1394.4181776566477,1463.0791959305184,1481.4395936727515,1482.6957411682693,1567.9482537726403,1674.6600432827336,1716.9731116885666,1773.8450377582935,1917.5170782547916,2199.884204864692,2508.386362955948,2706.587623301617,2707.8308516959405,2496.058410439125,2331.5512547729786,2297.733084336153,2267.2979028858413,2283.198825707473,2178.0656765936687
254.0,70.9552,62.05766666666667,55.13000909771382,48.64404909771381,42.893369097713816,38.475609097713814,35.37408,32.76812,30.836760000000005,29.10016000000001,27.04548,24.892640000000004,23.12128,21.33652,20.8212,19.5922,17.80872,15.530560000000001,13.346519999999998,17.293680000000002,16.395400000000002,16.287679999999998,16.358880000000006,20.14772,17.42432,19.717879999999997,31.09372,39.236999999999995,67.9182,144.92499999999995
255.0,173.40400000000002,153.10563333333334,131.2734,115.70772000000002,100.54164,93.97536,94.00908000000001,101.4428,111.47669999999998,126.7108,141.94469999999995,155.3784,168.14536666666666,174.845,192.8463,221.8797,327.9120000000001,528.9493,658.9866000000002,790.0278999999998,909.0702,1006.1175,1032.1658,949.2121,743.2564,623.2977999999998,541.3411000000001,472.3814,325.4197,233.458
257.0,3007.793639659489,2724.1618980411026,2440.7929020272973,2236.6999702265034,2131.719403712781,2054.085508551316,2008.094576328444,2019.4687180063956,2060.7202642191723,2087.933082974244,2103.072867903532,2127.2394632774494,2204.491012326412,2295.443098335937,2353.1090581564913,2428.664087866023,2577.2404765187257,2740.409998909151,2863.052599344187,3077.661132432553,3870.7297230678496,4311.894110266598,4615.452249151538,4735.875111351059,4660.9834291008565,4532.928799109983,4546.2269285747525,4838.587205308722,5150.267542114266,4636.850844169538
259.0,83.28907407407408,90.29833333333332,82.55296296296295,75.98451851851851,75.6372962962963,81.87803703703703,121.5308148148148,122.86877777777777,122.98551851851852,126.02718518518516,146.02718518518517,146.36614814814814,112.2828148148148,95.41707407407408,106.88003703703704,107.219,155.0615925925926,181.87177777777774,197.03018518518522,170.2848148148148,101.33574074074072,83.26166666666667,78.22099999999998,78.22099999999998,77.98951851851851,76.22099999999998,73.29507407407407,70.87377777777776,68.87477777777778,69.80070370370369
261.0,338.1657446049708,328.57298704840673,318.10212480272395,308.2924045435743,300.0983751192628,292.392222308872,288.4875189885166,287.604743725722,288.8814176953418,289.10099618749217,285.89025410045554,282.6691274786013,279.7744073028024,279.1367167883082,281.90240433870287,288.57544208276926,299.07116374334555,306.51819196673785,307.317242251335,299.5549340984096,285.70306627092447,268.9210857553675,252.33832486991264,238.21251926876187,226.15444745195626,214.96716587619213,204.19201169415786,193.92617730567923,185.49618299471783,180.4757458340014
262.0,76.96508518518517,73.23933333333333,70.25080246913579,68.28424320987655,65.42534197530864,62.829153086419744,67.32827654320988,75.87835925925926,88.92840864197531,97.69296419753088,97.7279148148148,92.95234691358023,100.35273827160496,140.1864049382716,168.86920370370368,167.8420925925926,142.48939753086418,199.1242,199.24681358024688,241.0931592592593,195.18191234567902,218.25356666666667,190.03972716049384,172.4752790123457,151.4836617283951,128.04609012345682,114.21188024691358,104.96379012345676,100.04161728395063,94.18857222222219
263.0,270.5173667131894,174.77619519792165,135.7307048166667,137.44924394999995,140.2546318833333,107.76822444814823,101.46012491851849,105.21661691340205,144.32998353104244,215.64761935925915,251.51733532962967,230.8934808148148,163.2002245259259,166.05546869629637,366.7957441120501,418.4156478400649,469.21873205707305,824.6963115648861,1006.8088399769182,956.1855502277733,658.8420169000002,535.6475515398087,565.9989126078963,603.9822186184629,380.6523787211916,280.3069286834777,278.8971048541009,324.54529722037034,292.7177096273805,244.49734834259263
266.0,15474.898775422163,16263.970206547769,16801.728703885346,17083.73339308397,17311.89541730721,17557.56057191411,17688.985599265532,17694.592249903497,17618.987704474912,17627.0189302093,17706.337639408746,17785.103141205193,17752.42813893798,17450.203694152,17096.135890128917,16869.32270654014,16786.636199723347,16722.47490269889,16720.42893947158,16763.386908442324,16903.19169491879,17178.465347663467,17465.26822449857,17730.975906804968,17865.245455731383,17829.78188922064,17597.187963631768,17212.51184227755,16661.782896980894,16032.066077025871
269.0,283.6886296296271,280.70646031746605,280.6229576719584,277.61268783069215,280.2315661375681,280.97897354497496,282.0027566137582,280.2723650793673,281.37775661375593,279.96029100528267,281.42887301586774,280.02486772486776,278.6306243386221,271.4313544973519,267.40557671957487,259.8388465608453,249.6750264550332,239.13507407408028,231.75291005291228,222.40034391534454,223.40495767195952,221.74693650793697,227.29118518518814,230.01210582010467,235.7864444444391,237.6441216931208,241.45739682539687,241.1129320987648,241.42043703703808,236.6085648148109
270.0,1380.614751415645,1199.8974935778335,1178.1565371752692,1112.2997885134323,1050.758837135386,1079.8562565540517,1155.9401422045594,1190.3930906219748,1196.4752939395196,1151.1223908086192,1196.6061565958048,1294.4299780586707,1281.4530315697787,1223.643504612231,1349.0753071131758,1469.4145404777635,1442.985532801059,1467.6831412067231,1630.69418073818,1746.212285776533,2069.076845239024,2217.4149780984053,2278.932058493639,1902.9832640293562,1756.239773678361,1788.5600172459026,1589.4885184420136,1584.4206342807654,1536.0820140767298,1416.2886158387005
271.0,6666.212421688881,7263.280657483774,7596.976891123919,7500.725685449968,7106.622945957281,6605.952125153799,6160.056196602189,5803.13518934786,5520.920708166639,5313.399392577055,5203.805662536622,5157.515688990362,5162.819789577863,5222.372642824387,5341.595431083039,5477.513968076014,5635.340816560582,5807.870535250893,6019.467188737082,6244.5993806296265,6471.510191741773,6706.443930176573,7026.362692412414,7681.78046194409,8327.830322198224,8855.719341687958,9569.981341151492,10217.298311297858,10641.317280131441,10960.22241211491
273.0,5063.2196949620975,4600.755268603422,4128.622227394423,3753.657245786966,3441.022141799647,3163.020984578125,2976.224466828384,2868.0653058914118,2794.661495455947,2768.203232054384,2806.6823085875194,2863.7472879915986,2919.4167377158265,2978.570936123971,3067.683665531391,3198.110802965832,3336.939125717846,3482.3775838006763,3661.513113958504,3950.179596493113,4733.080443479536,5043.9476145323715,5484.785892380354,6147.82273954731,6537.7329096826,6851.597478689499,7047.85146930402,7296.497506797154,7558.519277607421,7151.483669530218
275.0,16372.268832832791,16678.84817716436,17072.529202781592,17629.187827539317,18123.28378160588,18336.980312227057,18237.644076515826,17934.387726422356,17591.931866049126,17267.738397906913,17044.463036584242,16891.417998521414,16933.094403345563,17115.853743920503,17448.687932870744,17851.099849538077,18348.48956077626,18910.64688276037,19522.63889140923,20163.32154207142,20820.60068661725,21488.66923891005,22084.461166093068,22607.125556672534,23223.393376201344,24149.72933085517,25243.46356122724,26240.82164798288,27150.48713773839,28104.968384567343
277.0,233.61554980641637,243.95299831484303,254.18260476480717,264.640341732719,270.6727352755283,273.8121936322927,273.72875263307816,273.3466068879507,276.158495598979,279.60181975899945,285.5815772826058,288.7900738258441,288.90943123205005,286.27129949201765,283.8553412548604,284.1904486450974,287.9077435525423,294.81902532644375,306.5337362453608,320.5343404924158,331.4845766139893,337.1165858612542,335.79178705096666,332.8906611224365,330.9537806699018,336.5066755915816,351.0759216858922,376.1305408626308,404.44567470935715,420.10864292256963
278.0,255.7875370370405,218.5233703703733,226.55415185185342,224.8763827160495,281.67557407407946,435.91314814814837,631.4609074074046,730.953111111105,730.0511111111157,637.5670370370361,513.7602037037033,428.2485555555578,384.0245185185128,384.07994444444677,470.6981666666687,470.7641666666687,297.6312962962909,254.38540123456775,223.9307629629629,194.0011592592602,170.79161851851802,156.4368,144.53837777777642,139.1644703703709,137.64952592592647,138.0649259259265,140.01167037037092,145.21751481481675,146.92059722222228,149.0912777777778
279.0,1183.4513106082236,1162.686344824045,1075.9244887413772,933.8029261252341,899.6996568450712,903.71321235026,906.4608338539967,922.3360416200012,947.541033643918,1022.2777188686183,1054.286848773537,1114.7730281618603,1164.3748313841174,1122.5231628865313,1113.105109302019,1074.9714514800924,1103.3659884097451,1166.381498502452,1273.262345174201,1346.5964323813573,1399.1257779839761,1305.6779050516607,1244.6290733819462,1146.466681000174,1107.321724417694,1069.5079758896886,1014.8415462964826,954.3107870370579,937.8915555555113,1039.6374629631143
280.0,803.8877852301837,762.6982380605534,730.5181949091568,716.2379281344516,699.7186037377015,672.3257938192572,637.6642520875089,619.5772681271552,617.3520033057091,628.4075052285086,658.6028005600648,689.7490314861492,731.2664484229099,747.982540229116,735.1478478085353,691.7576306451667,646.7723968038944,634.8124586622384,701.2698134190185,784.694928455481,831.3866211061337,759.429628667004,650.1220804974258,541.4258300124886,482.061833346651,440.97731018854165,423.6325338287023,410.25664081570864,397.2705690428905,387.6258742605391
281.0,94.86883209876537,96.64862345679009,97.81253086419748,97.61224074074076,97.07925061728399,97.12499753086423,97.74978148148148,98.37456543209872,98.13699506172838,98.22232222222219,100.66104444444449,100.98281604938269,99.2768098765432,94.7457296296296,92.61709382716052,91.57451111111115,90.68110987654323,89.82474567901234,88.93134444444445,87.78177037037035,84.78034444444448,81.89465925925923,78.09657037037037,75.94324320987653,74.77106419753089,75.05876172839504,74.96337654320986,73.9637037037037,73.57326543209881,73.42221111111112
283.0,19.483259259259334,19.596399999999974,14.42823333333348,11.995077777777832,11.992577777777502,7.199311111111362,6.530144444444352,9.768285185185107,20.530674074074074,21.833629629629606,19.928351851851932,13.139714814814893,14.9474,11.588318518518278,10.771633333333504,60.35236666666669,67.49338518518516,49.59263703703692,46.73728518518544,47.660611111110846,59.43125925925935,96.1267333333332,169.46219629629655,178.92255925925912,176.03942962962958,191.98127407407424,202.0379592592593,188.82602592592576,183.10593333333355,172.09770370370347
284.0,45.76566260517088,51.40246362772214,72.29490067977558,77.77444902084738,72.2122450499346,60.22189736800003,47.12531846004432,43.71528629347993,37.29934134743749,38.782637918300594,64.73920040001903,110.22890539602251,111.14936611127466,82.18189028663227,70.81101996334971,62.90998410136604,49.453689099494994,45.110316503662965,40.09619521828293,36.03138517444754,30.677607823846763,30.32639234347896,31.550367865867518,29.50802825753293,27.331394444492982,24.877561204963442,25.09104727227323,25.18055010101164,23.947148913905156,24.67093964728389
285.0,36761.667941851854,37013.64226935187,37178.0049875,37035.905439999995,37730.6540125,37399.8397925,37605.158610000006,37734.551165,36839.320799907386,37307.839096111435,37461.93822370373,38602.24456,40103.157025000015,39704.25665,39843.2120775,40116.2136925,39891.48913462961,40301.06043416668,39368.112339629646,39458.14786981481,37765.7330546296,37351.3145153704,36238.02786,35249.479598148144,33867.04244064814,33440.271490647814,32795.206920092605,31630.79595564814,30354.685024444483,28494.211479259262
286.0,27.445099999999947,25.904666666666692,25.163382716049355,24.68719753086421,23.769320987654325,22.848691358024727,21.82500000000001,20.862160493827147,19.763851851851822,19.163666666666654,19.151111111111085,41.58729629629633,69.90511111111114,62.89985185185198,56.17199999999988,49.627703703703716,44.58503703703706,40.566518518518414,35.593296296296366,32.34362962962965,29.53753086419752,27.215123456790103,25.031604938271627,23.15143209876545,21.840370370370394,20.74206172839501,19.869604938271593,18.520629629629624,17.51203703703707,16.809500000000018
287.0,37869.70259400463,37335.8263991088,37586.653228441384,37736.08273302084,37639.43178468751,38286.41079416666,37981.06213322917,38185.18780145833,38258.25478506558,37426.98207724924,37884.74626198335,38097.302427716066,39275.490554375,40691.16952604168,40316.79588197916,40465.49395229167,40714.3347753665,40522.276337943666,40861.70199800541,39972.74932060959,39962.74327195988,38317.267359382684,37856.77571139663,36733.63245464506,35707.61981297454,34358.50303078701,33912.813194930226,33228.37704462965,32039.878753514655,30711.087295617323
288.0,9699.821871803691,10111.58312923144,10591.566947894607,10907.608538118779,11021.447361547029,11152.698279616836,11235.189835840189,11378.99631944153,11462.124227894741,11505.349247056443,11552.075632100445,11555.53007347363,11674.22704446146,11938.900619585142,12262.035274714784,12577.01155181281,12808.472427679537,13125.61059943655,13399.968674930094,13512.479458852351,13587.043422235582,13866.161790373742,14503.012172560166,15179.563249392178,15697.299939717075,15964.414554706338,16199.529296885901,16565.340801096754,16984.225578850197,17258.528430185237
290.0,596.7051481481493,598.3878395061729,610.1106419753095,626.2417777777778,638.4258765432112,638.8911358024683,627.2046666666663,604.1108395061726,566.8582222222225,526.6035925925931,493.07830864197564,470.2308765432096,455.1514691358016,444.306962962962,445.7407283950629,454.98338271605036,472.41748148148247,488.60759259259163,498.5623456790116,494.4028641975304,477.291086419753,448.8922716049381,419.25496296296257,386.9143333333333,361.0689012345688,335.50524691358106,315.5598395061739,300.3459259259251,293.634728395061,292.141537037036
291.0,801.1906245370369,783.1813122685184,756.1254386574074,740.1440631944445,693.1254386574074,668.1906245370369,675.1440631944444,678.190624537037,715.1999368055556,749.1626877314815,786.1626877314814,825.2837472222221,999.2592446759261,1027.2012246527775,1101.2986401620371,1137.172,1181.1330337962966,1203.1914831018519,1216.172,1235.1914831018519,1246.172,1264.1622584490742,1264.162258449074,1266.172,1261.1914831018519,1246.172,1223.142775347222,1190.1622584490742,1178.1622584490742,1144.1743841435186
294.0,229.41750498015804,222.5299521700172,216.81638696284386,211.9152661251432,209.6929138140292,209.61717018895692,214.2092949196414,222.62776061469086,233.02135181700103,247.30159017851238,280.4098575417141,307.2127436204605,315.975502528921,306.65306832936795,292.29970758479726,272.5831387319619,255.47453109496956,236.17232982261638,216.907321490739,199.14188061508182,182.9744204711789,170.14517628227966,159.7220894718498,153.9844045059541,149.09561022656342,146.52900280044818,143.91851819657714,142.98374411809573,141.83726208684547,141.83932895848827
295.0,84.72667901234568,82.91065432098766,82.05792592592594,84.35764197530864,85.48022222222221,87.92962962962963,92.76362962962963,95.8364938271605,96.58870370370373,93.49953086419752,89.21316049382715,86.53293827160492,83.94101234567904,81.80862962962962,78.16269135802467,78.2556172839506,79.23004938271606,79.72266666666667,77.29707407407408,74.91932098765432,74.25298765432099,72.66414814814816,71.61201234567902,69.84416049382715,70.69017283950616,74.0238395061728,75.43466666666667,74.93654320987656,73.58965432098769,73.602
296.0,40.200654320987674,40.38,40.72446913580247,41.226345679012326,42.026061728395064,43.03753086419752,44.08449382716049,45.131456790123465,45.90681481481482,46.35964197530865,45.991814814814795,45.18229629629629,44.078024691358024,42.89934567901236,41.721000000000004,40.363641975308646,39.21032098765432,37.90267901234568,36.892543209876536,36.072222222222216,35.560543209876535,35.06,34.54865432098766,34.036975308641985,33.536098765432094,33.39633333333334,33.6007037037037,34.06433333333333,34.56312345679012,34.77564814814814
297.0,812.4841348000896,772.2531359337918,739.0701957163335,723.1955256466974,706.7268086076148,680.0115173737836,645.6715605946938,626.0700301535652,622.5154649085616,632.5621507250855,661.4191660627845,692.7368311566687,733.7324242500807,752.6312867385975,742.1357654301203,700.9213954589734,655.7069898139714,640.922561911746,701.436208833169,784.127531313384,834.2293756697596,771.4952692953813,664.3990920071885,554.7775457153389,490.85963213571137,447.93060189935164,428.4840671950008,414.67097512846766,401.5478488375441,391.5493535633171
301.0,8.727057056147144,7.705431129912875,8.678043711326236,10.422777278606002,12.93956750977735,14.379243294912525,14.906088890075177,14.50909422707526,11.730474816664632,12.176325784709991,22.2214236191563,47.55212618079871,24.80664582899029,26.790597247821875,17.018942402039723,34.66992398234733,58.50036760639313,35.605391363549614,22.78646469322519,16.68561702528626,14.005654155534351,11.203466654389313,10.111446684351147,9.14140701860687,8.782001855629773,8.116760246183205,7.818070367366409,7.580462263358779,7.354765105438932,7.2818741875000015
320.0,21.723172121103584,19.208975634346565,21.602551474946765,25.896298229545017,32.090057603330116,35.63306459650425,36.929618756306965,35.952624573460824,29.114509975645404,30.211738333591178,54.932479101777346,117.27072028396563,61.294647905978564,66.17710395866409,42.12929971623923,83.9639324004771,144.837141556584,86.35351869828244,53.608462975858785,38.024272350667935,31.178493779580155,24.020500896908395,21.231011910152677,18.75311311841603,17.83503765146947,16.135724274427474,15.372741773854957,14.76578841450382,14.189260737690843,14.003065962500006
